-- --------------------------------------------------------
-- Máy chủ:                      localhost
-- Server version:               8.0.39 - MySQL Community Server - GPL
-- Server OS:                    Linux
-- HeidiSQL Phiên bản:           12.6.0.6765
-- --------------------------------------------------------

/*!40101 SET @OLD_CHARACTER_SET_CLIENT=@@CHARACTER_SET_CLIENT */;
/*!40101 SET NAMES utf8 */;
/*!50503 SET NAMES utf8mb4 */;
/*!40103 SET @OLD_TIME_ZONE=@@TIME_ZONE */;
/*!40103 SET TIME_ZONE='+00:00' */;
/*!40014 SET @OLD_FOREIGN_KEY_CHECKS=@@FOREIGN_KEY_CHECKS, FOREIGN_KEY_CHECKS=0 */;
/*!40101 SET @OLD_SQL_MODE=@@SQL_MODE, SQL_MODE='NO_AUTO_VALUE_ON_ZERO' */;
/*!40111 SET @OLD_SQL_NOTES=@@SQL_NOTES, SQL_NOTES=0 */;


-- Dumping database structure for baucutructuyen
CREATE DATABASE IF NOT EXISTS `baucutructuyen` /*!40100 DEFAULT CHARACTER SET utf8mb4 COLLATE utf8mb4_0900_ai_ci */ /*!80016 DEFAULT ENCRYPTION='N' */;
USE `baucutructuyen`;

-- Dumping structure for table baucutructuyen.ban
CREATE TABLE IF NOT EXISTS `ban` (
  `ID_Ban` smallint NOT NULL AUTO_INCREMENT,
  `TenBan` varchar(50) CHARACTER SET utf8mb4 COLLATE utf8mb4_general_ci DEFAULT NULL,
  `ID_DonViBauCu` smallint DEFAULT NULL,
  PRIMARY KEY (`ID_Ban`),
  KEY `ID_DonViBauCu` (`ID_DonViBauCu`),
  KEY `idx_ban_ID_Ban` (`ID_Ban`),
  CONSTRAINT `ban_ibfk_1` FOREIGN KEY (`ID_DonViBauCu`) REFERENCES `donvibaucu` (`ID_DonViBauCu`)
) ENGINE=InnoDB AUTO_INCREMENT=8 DEFAULT CHARSET=utf8mb4 COLLATE=utf8mb4_general_ci;

-- Dumping data for table baucutructuyen.ban: ~4 rows (approximately)
INSERT INTO `ban` (`ID_Ban`, `TenBan`, `ID_DonViBauCu`) VALUES
	(1, 'Ban bầu cử', 1),
	(2, 'Ban Kiểm phiếu', 1),
	(3, 'Ban thanh tra', 1),
	(6, 'test', 1);

-- Dumping structure for table baucutructuyen.canbo
CREATE TABLE IF NOT EXISTS `canbo` (
  `ID_CanBo` varchar(14) CHARACTER SET utf8mb4 COLLATE utf8mb4_general_ci NOT NULL,
  `NgayCongTac` datetime DEFAULT NULL,
  `GhiChu` text CHARACTER SET utf8mb4 COLLATE utf8mb4_general_ci,
  `ID_user` varchar(16) CHARACTER SET utf8mb4 COLLATE utf8mb4_general_ci DEFAULT NULL,
  PRIMARY KEY (`ID_CanBo`),
  KEY `ID_user` (`ID_user`),
  KEY `idx_canbo_ID_user` (`ID_user`),
  CONSTRAINT `canbo_ibfk_ID_user` FOREIGN KEY (`ID_user`) REFERENCES `nguoidung` (`ID_user`) ON DELETE CASCADE
) ENGINE=InnoDB DEFAULT CHARSET=utf8mb4 COLLATE=utf8mb4_general_ci;

-- Dumping data for table baucutructuyen.canbo: ~5 rows (approximately)
INSERT INTO `canbo` (`ID_CanBo`, `NgayCongTac`, `GhiChu`, `ID_user`) VALUES
	('20241025151435', '1999-01-01 00:00:00', 'canbo8', 'Pv20241025151431'),
	('20241025152418', '1999-01-01 00:00:00', 'canbo7', '7L20241025152412'),
	('20241025153453', '1999-01-01 00:00:00', 'canbo6', 'in20241025153445'),
	('20241025153720', '1999-01-01 00:00:00', 'canbo5', 'Dp20241025153713'),
	('20241025153942', '1999-01-01 00:00:00', 'canbo4', 'rw20241025153937');

-- Dumping structure for table baucutructuyen.chitietbaucu
CREATE TABLE IF NOT EXISTS `chitietbaucu` (
  `ThoiDiem` datetime DEFAULT NULL,
  `ID_Phieu` varchar(18) CHARACTER SET utf8mb4 COLLATE utf8mb4_general_ci DEFAULT NULL,
  `XacThuc` tinyint DEFAULT '-1',
  `ID_CuTri` varchar(14) CHARACTER SET utf8mb4 COLLATE utf8mb4_general_ci DEFAULT NULL,
  `ID_ucv` varchar(14) CHARACTER SET utf8mb4 COLLATE utf8mb4_general_ci DEFAULT NULL,
  `ID_CanBo` varchar(14) CHARACTER SET utf8mb4 COLLATE utf8mb4_general_ci DEFAULT NULL,
  KEY `ID_CuTri` (`ID_CuTri`),
  KEY `ID_Phieu` (`ID_Phieu`),
  KEY `fk_chitietbaucu_ID_ucv` (`ID_ucv`),
  KEY `fk_chitietbaucu_ID_CanBo` (`ID_CanBo`),
  CONSTRAINT `chitietbaucu_ibfk_2` FOREIGN KEY (`ID_Phieu`) REFERENCES `phieubau` (`ID_Phieu`) ON DELETE CASCADE,
  CONSTRAINT `chitietbaucu_ibfk_ID_CuTri` FOREIGN KEY (`ID_CuTri`) REFERENCES `cutri` (`ID_CuTri`) ON DELETE CASCADE,
  CONSTRAINT `fk_chitietbaucu_ID_CanBo` FOREIGN KEY (`ID_CanBo`) REFERENCES `canbo` (`ID_CanBo`) ON DELETE CASCADE,
  CONSTRAINT `fk_chitietbaucu_ID_ucv` FOREIGN KEY (`ID_ucv`) REFERENCES `ungcuvien` (`ID_ucv`) ON DELETE CASCADE
) ENGINE=InnoDB DEFAULT CHARSET=utf8mb4 COLLATE=utf8mb4_general_ci;

-- Dumping data for table baucutructuyen.chitietbaucu: ~65 rows (approximately)
INSERT INTO `chitietbaucu` (`ThoiDiem`, `ID_Phieu`, `XacThuc`, `ID_CuTri`, `ID_ucv`, `ID_CanBo`) VALUES
	('2024-11-28 12:47:44', 'Pw2024112812474361', -1, NULL, '20241012212410', NULL),
	('2024-11-28 13:36:36', 'i32024112813363540', -1, NULL, NULL, '20241025151435'),
	('2024-11-28 14:18:21', 'd02024112814182069', -1, NULL, NULL, '20241025151435'),
	('2024-11-29 09:43:08', 'y22024112909430745', -1, '20240919194845', NULL, NULL),
	('2024-11-29 09:54:28', 'TM2024112909542802', -1, '20240916220819', NULL, NULL),
	('2024-11-29 09:54:36', 'Dj2024112909543631', -1, '20240916220819', NULL, NULL),
	('2024-11-29 09:55:58', 'mT2024112909555770', -1, '20240930165456', NULL, NULL),
	('2024-11-29 09:56:16', 'a12024112909561638', -1, '20240930165456', NULL, NULL),
	('2024-11-29 10:03:08', '3E2024112910030767', -1, '20240930165802', NULL, NULL),
	('2024-11-29 10:03:17', 'Co2024112910031745', -1, '20240930165802', NULL, NULL),
	('2024-12-01 19:45:21', 'Fb2024120119452127', -1, '20240930165456', NULL, NULL),
	('2024-12-03 10:38:32', 'os2024120310383195', -1, '20240919194845', NULL, NULL),
	('2024-12-05 13:48:12', 'Db2024120513481185', -1, '20240919194845', NULL, NULL),
	('2024-12-05 13:51:22', 'ig2024120513512213', -1, '20240930165456', NULL, NULL),
	('2024-12-05 13:56:10', 'Vm2024120513560984', -1, '20240916221039', NULL, NULL),
	('2024-12-05 13:59:24', '2a2024120513592355', -1, '20241109134558', NULL, NULL),
	('2024-12-05 14:06:20', 'Hx2024120514061968', -1, '20240916232132', NULL, NULL),
	('2024-12-05 14:08:07', 'e62024120514080679', -1, '20241204204827', NULL, NULL),
	('2024-12-05 14:38:46', 'Zr2024120514384608', -1, '20241204204016', NULL, NULL),
	('2024-12-05 14:40:43', 'zP2024120514404287', -1, '20241204201341', NULL, NULL),
	('2024-12-05 14:42:14', 'aY2024120514421361', -1, '20241204201615', NULL, NULL),
	('2024-12-05 14:57:07', 'VV2024120514570685', -1, '20241204204251', NULL, NULL),
	('2024-12-05 14:58:16', 'OZ2024120514581597', -1, '20241204201439', NULL, NULL),
	('2024-12-05 14:59:17', '4d2024120514591695', -1, '20241204205214', NULL, NULL),
	('2024-12-05 15:00:35', '4c2024120515003465', -1, '20241204204058', NULL, NULL),
	('2024-12-05 15:01:41', 'nd2024120515014073', -1, '20241204204540', NULL, NULL),
	('2024-12-05 15:02:50', 'Xm2024120515025009', -1, '20241204204637', NULL, NULL),
	('2024-12-05 15:05:37', 'hK2024120515053656', -1, '20241204204134', NULL, NULL),
	('2024-12-05 15:06:38', 'u52024120515063823', -1, '20241204205059', NULL, NULL),
	('2024-12-05 15:09:17', 'Lh2024120515091709', -1, '20241204205144', NULL, NULL),
	('2024-12-05 15:10:16', 'sc2024120515101586', -1, '20241204201148', NULL, NULL),
	('2024-12-05 15:11:27', 'J22024120515112678', -1, '20241204204933', NULL, NULL),
	('2024-12-05 15:13:53', 'J62024120515135284', -1, '20241204204453', NULL, NULL),
	('2024-12-05 15:16:27', 'Ma2024120515162734', -1, '20241204204748', NULL, NULL),
	('2024-12-05 15:18:26', 'wS2024120515182633', -1, '20241204204902', NULL, NULL),
	('2024-12-05 15:19:17', 'W72024120515191676', -1, '20241204201238', NULL, NULL),
	('2024-12-05 15:20:05', '762024120515200480', -1, '20241204205020', NULL, NULL),
	('2024-12-05 15:20:54', '4m2024120515205386', -1, '20241204204713', NULL, NULL),
	('2024-12-05 15:21:56', 'bJ2024120515215590', -1, '20241204204415', NULL, NULL),
	('2024-12-05 15:23:01', 'ut2024120515230080', -1, '20241204204330', NULL, NULL),
	('2024-12-05 15:25:14', '622024120515251366', -1, '20240916220819', NULL, NULL),
	('2024-12-05 15:26:57', 'Uq2024120515265644', -1, '20241204203924', NULL, NULL),
	('2024-12-05 15:27:55', 'tt2024120515275534', -1, '20241204204208', NULL, NULL),
	('2024-12-05 15:29:45', '3r2024120515294523', -1, '20241204201529', NULL, NULL),
	('2024-12-05 15:30:55', '9u2024120515305515', -1, '20241204204607', NULL, NULL),
	('2024-12-05 15:31:42', 'he2024120515314227', -1, '20241204203758', NULL, NULL),
	('2024-12-05 15:32:44', 'kr2024120515324360', -1, '20241204203455', NULL, NULL),
	('2024-12-05 15:33:36', 'zj2024120515333616', -1, '20241204203720', NULL, NULL),
	('2024-12-05 15:34:38', 'Sn2024120515343799', -1, '20241204203414', NULL, NULL),
	('2024-12-05 15:35:33', 'kf2024120515353301', -1, '20241204203840', NULL, NULL),
	('2024-12-05 15:36:23', 'fJ2024120515362323', -1, '20241204203633', NULL, NULL),
	('2024-12-05 16:25:09', '6K2024120516250856', -1, '20241204200438', NULL, NULL),
	('2024-12-05 16:26:12', 'V42024120516261205', -1, '20241109221936', NULL, NULL),
	('2024-12-05 16:27:18', 'nI2024120516271817', -1, '20241204200653', NULL, NULL),
	('2024-12-05 16:28:56', '3r2024120516285640', -1, '20241204200836', NULL, NULL),
	('2024-12-05 16:29:39', 'Jo2024120516293869', -1, '20241109234117', NULL, NULL),
	('2024-12-05 16:31:40', 'Q62024120516313951', -1, '20241204200607', NULL, NULL),
	('2024-12-05 16:32:30', 'yI2024120516322973', -1, '20241204200333', NULL, NULL),
	('2024-12-05 16:33:44', '8K2024120516334422', -1, '20241204200913', NULL, NULL),
	('2024-12-05 16:35:06', 'mH2024120516350610', -1, '20240919200022', NULL, NULL),
	('2024-12-05 16:36:00', 'rA2024120516355952', -1, '20241204200742', NULL, NULL),
	('2024-12-05 16:36:54', '4b2024120516365398', -1, '20241204200244', NULL, NULL),
	('2024-12-05 16:37:39', 'J92024120516373895', -1, '20241204200528', NULL, NULL),
	('2024-12-05 19:36:38', 'I62024120519363742', -1, NULL, '20241012212410', NULL),
	('2024-12-05 19:40:43', 'SE2024120519404284', -1, NULL, NULL, '20241025151435');

-- Dumping structure for table baucutructuyen.chitietcongboketqua
CREATE TABLE IF NOT EXISTS `chitietcongboketqua` (
  `ThoiDiemCongBo` datetime DEFAULT NULL,
  `ID_CanBo` varchar(14) CHARACTER SET utf8mb4 COLLATE utf8mb4_general_ci DEFAULT NULL,
  `ID_ucv` varchar(14) CHARACTER SET utf8mb4 COLLATE utf8mb4_general_ci DEFAULT NULL,
  `ngayBD` datetime DEFAULT NULL,
  KEY `chitietcongboketqua_ibfk_ID_CanBo` (`ID_CanBo`),
  KEY `chitietcongboketqua_ibfk_ID_ucv` (`ID_ucv`),
  KEY `chitietcongboketqua_ibfk_ngayBD` (`ngayBD`),
  CONSTRAINT `chitietcongboketqua_ibfk_ID_CanBo` FOREIGN KEY (`ID_CanBo`) REFERENCES `canbo` (`ID_CanBo`) ON DELETE CASCADE,
  CONSTRAINT `chitietcongboketqua_ibfk_ID_ucv` FOREIGN KEY (`ID_ucv`) REFERENCES `ungcuvien` (`ID_ucv`) ON DELETE CASCADE,
  CONSTRAINT `chitietcongboketqua_ibfk_ngayBD` FOREIGN KEY (`ngayBD`) REFERENCES `kybaucu` (`ngayBD`) ON DELETE CASCADE
) ENGINE=InnoDB DEFAULT CHARSET=utf8mb4 COLLATE=utf8mb4_0900_ai_ci;

-- Dumping data for table baucutructuyen.chitietcongboketqua: ~2 rows (approximately)
INSERT INTO `chitietcongboketqua` (`ThoiDiemCongBo`, `ID_CanBo`, `ID_ucv`, `ngayBD`) VALUES
	('2024-11-29 10:23:26', '20241025151435', '20241003000921', '2024-11-30 06:56:56'),
	('2024-11-29 10:23:38', '20241025151435', '20241003002930', '2024-11-30 09:59:59'),
	('2024-12-05 19:41:10', '20241025151435', '20241003002121', '2024-12-06 11:27:38');

-- Dumping structure for table baucutructuyen.chitietcutri
CREATE TABLE IF NOT EXISTS `chitietcutri` (
  `ID_ChucVu` tinyint DEFAULT NULL,
  `ID_CuTri` varchar(14) CHARACTER SET utf8mb4 COLLATE utf8mb4_general_ci DEFAULT NULL,
  KEY `ID_CuTri` (`ID_CuTri`),
  CONSTRAINT `chitietcutri_ibfk_ID_CuTri` FOREIGN KEY (`ID_CuTri`) REFERENCES `cutri` (`ID_CuTri`) ON DELETE CASCADE
) ENGINE=InnoDB DEFAULT CHARSET=utf8mb4 COLLATE=utf8mb4_general_ci;

-- Dumping data for table baucutructuyen.chitietcutri: ~46 rows (approximately)
INSERT INTO `chitietcutri` (`ID_ChucVu`, `ID_CuTri`) VALUES
	(13, '20241109134558'),
	(13, '20241109142305'),
	(13, '20241109221936'),
	(13, '20241109234117'),
	(13, '20241204200244'),
	(13, '20241204200333'),
	(13, '20241204200438'),
	(13, '20241204200528'),
	(13, '20241204200607'),
	(13, '20241204200653'),
	(13, '20241204200742'),
	(13, '20241204200836'),
	(13, '20241204200913'),
	(13, '20241204201148'),
	(13, '20241204201238'),
	(13, '20241204201341'),
	(13, '20241204201439'),
	(13, '20241204201529'),
	(13, '20241204201615'),
	(13, '20241204203414'),
	(13, '20241204203455'),
	(13, '20241204203633'),
	(13, '20241204203720'),
	(13, '20241204203758'),
	(13, '20241204203840'),
	(13, '20241204203924'),
	(13, '20241204204016'),
	(13, '20241204204058'),
	(13, '20241204204134'),
	(13, '20241204204208'),
	(13, '20241204204251'),
	(13, '20241204204330'),
	(13, '20241204204415'),
	(13, '20241204204453'),
	(13, '20241204204540'),
	(13, '20241204204607'),
	(13, '20241204204637'),
	(13, '20241204204713'),
	(13, '20241204204748'),
	(13, '20241204204827'),
	(13, '20241204204902'),
	(13, '20241204204933'),
	(13, '20241204205020'),
	(13, '20241204205059'),
	(13, '20241204205144'),
	(13, '20241204205214');

-- Dumping structure for table baucutructuyen.chitietthongbaocanbo
CREATE TABLE IF NOT EXISTS `chitietthongbaocanbo` (
  `ID_ThongBao` int DEFAULT NULL,
  `ID_CanBo` varchar(14) CHARACTER SET utf8mb4 COLLATE utf8mb4_general_ci DEFAULT NULL,
  KEY `ID_ThongBao` (`ID_ThongBao`),
  KEY `ID_CanBo` (`ID_CanBo`),
  CONSTRAINT `chitietthongbaocanbo_ibfk_ID_CanBo` FOREIGN KEY (`ID_CanBo`) REFERENCES `canbo` (`ID_CanBo`) ON DELETE CASCADE,
  CONSTRAINT `chitietthongbaocanbo_ibfk_ID_ThongBao` FOREIGN KEY (`ID_ThongBao`) REFERENCES `thongbao` (`ID_ThongBao`) ON DELETE CASCADE
) ENGINE=InnoDB DEFAULT CHARSET=utf8mb4 COLLATE=utf8mb4_general_ci;

-- Dumping data for table baucutructuyen.chitietthongbaocanbo: ~207 rows (approximately)
INSERT INTO `chitietthongbaocanbo` (`ID_ThongBao`, `ID_CanBo`) VALUES
	(59, '20241025151435'),
	(59, '20241025152418'),
	(59, '20241025153453'),
	(59, '20241025153720'),
	(59, '20241025153942'),
	(80, '20241025151435'),
	(81, '20241025152418'),
	(82, '20241025153453'),
	(83, '20241025153720'),
	(84, '20241025153942'),
	(105, '20241025151435'),
	(106, '20241025152418'),
	(107, '20241025153453'),
	(108, '20241025153720'),
	(109, '20241025153942'),
	(130, '20241025151435'),
	(131, '20241025152418'),
	(132, '20241025153453'),
	(133, '20241025153720'),
	(134, '20241025153942'),
	(155, '20241025151435'),
	(156, '20241025152418'),
	(157, '20241025153453'),
	(158, '20241025153720'),
	(159, '20241025153942'),
	(180, '20241025151435'),
	(181, '20241025152418'),
	(182, '20241025153453'),
	(183, '20241025153720'),
	(184, '20241025153942'),
	(205, '20241025151435'),
	(206, '20241025152418'),
	(207, '20241025153453'),
	(208, '20241025153720'),
	(209, '20241025153942'),
	(210, '20241025151435'),
	(210, '20241025152418'),
	(210, '20241025153453'),
	(210, '20241025153720'),
	(210, '20241025153942'),
	(211, '20241025151435'),
	(211, '20241025152418'),
	(211, '20241025153453'),
	(211, '20241025153720'),
	(211, '20241025153942'),
	(212, '20241025153720'),
	(212, '20241025153453'),
	(212, '20241025151435'),
	(213, '20241025152418'),
	(213, '20241025153720'),
	(213, '20241025153453'),
	(218, '20241025153453'),
	(219, '20241025151435'),
	(220, '20241025153942'),
	(225, '20241025153453'),
	(226, '20241025151435'),
	(227, '20241025153942'),
	(237, '20241025153453'),
	(238, '20241025151435'),
	(239, '20241025153942'),
	(255, '20241025153453'),
	(256, '20241025151435'),
	(257, '20241025153942'),
	(273, '20241025153453'),
	(274, '20241025151435'),
	(275, '20241025153942'),
	(291, '20241025153453'),
	(292, '20241025151435'),
	(293, '20241025153942'),
	(309, '20241025153453'),
	(310, '20241025151435'),
	(311, '20241025153942'),
	(327, '20241025153453'),
	(328, '20241025151435'),
	(329, '20241025153942'),
	(345, '20241025153453'),
	(346, '20241025151435'),
	(347, '20241025153942'),
	(363, '20241025153453'),
	(364, '20241025151435'),
	(365, '20241025153942'),
	(381, '20241025153453'),
	(382, '20241025151435'),
	(383, '20241025153942'),
	(399, '20241025153453'),
	(400, '20241025151435'),
	(401, '20241025153942'),
	(417, '20241025153453'),
	(418, '20241025151435'),
	(419, '20241025153942'),
	(435, '20241025153453'),
	(436, '20241025151435'),
	(437, '20241025153942'),
	(453, '20241025153453'),
	(454, '20241025151435'),
	(455, '20241025153942'),
	(471, '20241025153453'),
	(472, '20241025151435'),
	(473, '20241025153942'),
	(489, '20241025153453'),
	(490, '20241025151435'),
	(491, '20241025153942'),
	(507, '20241025153453'),
	(508, '20241025151435'),
	(509, '20241025153942'),
	(525, '20241025153453'),
	(526, '20241025151435'),
	(527, '20241025153942'),
	(543, '20241025153453'),
	(544, '20241025151435'),
	(545, '20241025153942'),
	(585, '20241025153453'),
	(586, '20241025151435'),
	(587, '20241025153942'),
	(588, '20241025153720'),
	(589, '20241025153453'),
	(590, '20241025151435'),
	(591, '20241025152418'),
	(592, '20241025153942'),
	(593, '20241025151435'),
	(594, '20241025152418'),
	(595, '20241025153453'),
	(596, '20241025153720'),
	(597, '20241025153942'),
	(622, '20241025153720'),
	(623, '20241025153453'),
	(624, '20241025151435'),
	(625, '20241025152418'),
	(626, '20241025153942'),
	(627, '20241025151435'),
	(628, '20241025152418'),
	(629, '20241025153453'),
	(630, '20241025153720'),
	(631, '20241025153942'),
	(656, '20241025153720'),
	(657, '20241025153453'),
	(658, '20241025151435'),
	(659, '20241025152418'),
	(660, '20241025153942'),
	(661, '20241025151435'),
	(662, '20241025152418'),
	(663, '20241025153453'),
	(664, '20241025153720'),
	(665, '20241025153942'),
	(690, '20241025153720'),
	(691, '20241025153453'),
	(692, '20241025151435'),
	(693, '20241025152418'),
	(694, '20241025153942'),
	(695, '20241025151435'),
	(696, '20241025152418'),
	(697, '20241025153453'),
	(698, '20241025153720'),
	(699, '20241025153942'),
	(724, '20241025153720'),
	(725, '20241025153453'),
	(726, '20241025151435'),
	(727, '20241025152418'),
	(728, '20241025153942'),
	(729, '20241025151435'),
	(730, '20241025152418'),
	(731, '20241025153453'),
	(732, '20241025153720'),
	(733, '20241025153942'),
	(758, '20241025153720'),
	(759, '20241025153453'),
	(760, '20241025151435'),
	(761, '20241025152418'),
	(762, '20241025153942'),
	(763, '20241025151435'),
	(764, '20241025152418'),
	(765, '20241025153453'),
	(766, '20241025153720'),
	(767, '20241025153942'),
	(792, '20241025153720'),
	(793, '20241025153453'),
	(794, '20241025151435'),
	(795, '20241025152418'),
	(796, '20241025153942'),
	(797, '20241025151435'),
	(798, '20241025152418'),
	(799, '20241025153453'),
	(800, '20241025153720'),
	(801, '20241025153942'),
	(826, '20241025153720'),
	(827, '20241025153453'),
	(828, '20241025151435'),
	(829, '20241025152418'),
	(830, '20241025153942'),
	(831, '20241025151435'),
	(832, '20241025152418'),
	(833, '20241025153453'),
	(834, '20241025153720'),
	(835, '20241025153942'),
	(860, '20241025153720'),
	(861, '20241025153453'),
	(862, '20241025151435'),
	(863, '20241025152418'),
	(864, '20241025153942'),
	(865, '20241025151435'),
	(866, '20241025152418'),
	(867, '20241025153453'),
	(868, '20241025153720'),
	(869, '20241025153942'),
	(894, '20241025153720'),
	(895, '20241025153453'),
	(896, '20241025151435'),
	(897, '20241025152418'),
	(898, '20241025153942'),
	(899, '20241025151435'),
	(900, '20241025152418'),
	(901, '20241025153453'),
	(902, '20241025153720'),
	(903, '20241025153942'),
	(928, '20241025153720'),
	(929, '20241025153453'),
	(930, '20241025151435'),
	(931, '20241025152418'),
	(932, '20241025153942'),
	(933, '20241025151435'),
	(934, '20241025152418'),
	(935, '20241025153453'),
	(936, '20241025153720'),
	(937, '20241025153942'),
	(985, '20241025151435'),
	(986, '20241025151435'),
	(987, '20241025151435'),
	(1035, '20241025151435'),
	(1036, '20241025151435'),
	(1037, '20241025151435'),
	(1085, '20241025151435'),
	(1086, '20241025151435'),
	(1087, '20241025151435'),
	(1106, '20241025151435'),
	(1108, '20241025151435'),
	(1109, '20241025151435'),
	(1110, '20241025151435');

-- Dumping structure for table baucutructuyen.chitietthongbaocutri
CREATE TABLE IF NOT EXISTS `chitietthongbaocutri` (
  `ID_ThongBao` int DEFAULT NULL,
  `ID_CuTri` varchar(14) CHARACTER SET utf8mb4 COLLATE utf8mb4_general_ci DEFAULT NULL,
  KEY `ID_CuTri` (`ID_CuTri`),
  KEY `ID_ThongBao` (`ID_ThongBao`),
  CONSTRAINT `chitietthongbaocutri_ibfk_ID_CuTri` FOREIGN KEY (`ID_CuTri`) REFERENCES `cutri` (`ID_CuTri`) ON DELETE CASCADE,
  CONSTRAINT `chitietthongbaocutri_ibfk_ID_ThongBao` FOREIGN KEY (`ID_ThongBao`) REFERENCES `thongbao` (`ID_ThongBao`) ON DELETE CASCADE
) ENGINE=InnoDB DEFAULT CHARSET=utf8mb4 COLLATE=utf8mb4_general_ci;

-- Dumping data for table baucutructuyen.chitietthongbaocutri: ~589 rows (approximately)
INSERT INTO `chitietthongbaocutri` (`ID_ThongBao`, `ID_CuTri`) VALUES
	(59, '20240930165802'),
	(59, '20240919200022'),
	(59, '20240916232132'),
	(59, '20240916220819'),
	(59, '20240916221039'),
	(59, '20240930165456'),
	(59, '20240919194845'),
	(60, '20240919200022'),
	(61, '20240919194845'),
	(62, '20240916221039'),
	(63, '20240916220819'),
	(64, '20240930165802'),
	(65, '20240919200022'),
	(66, '20240919194845'),
	(67, '20240916221039'),
	(68, '20240930165802'),
	(69, '20240919200022'),
	(70, '20240919194845'),
	(71, '20240916221039'),
	(72, '20240930165802'),
	(85, '20240919200022'),
	(86, '20240919194845'),
	(87, '20240916221039'),
	(88, '20240916220819'),
	(89, '20240930165802'),
	(90, '20240919200022'),
	(91, '20240919194845'),
	(92, '20240916221039'),
	(93, '20240930165802'),
	(94, '20240919200022'),
	(95, '20240919194845'),
	(96, '20240916221039'),
	(97, '20240930165802'),
	(110, '20240919200022'),
	(111, '20240919194845'),
	(112, '20240916221039'),
	(113, '20240916220819'),
	(114, '20240930165802'),
	(115, '20240919200022'),
	(116, '20240919194845'),
	(117, '20240916221039'),
	(118, '20240930165802'),
	(119, '20240919200022'),
	(120, '20240919194845'),
	(121, '20240916221039'),
	(122, '20240930165802'),
	(135, '20240919200022'),
	(136, '20240919194845'),
	(137, '20240916221039'),
	(138, '20240916220819'),
	(139, '20240930165802'),
	(140, '20240919200022'),
	(141, '20240919194845'),
	(142, '20240916221039'),
	(143, '20240930165802'),
	(144, '20240919200022'),
	(145, '20240919194845'),
	(146, '20240916221039'),
	(147, '20240930165802'),
	(160, '20240919200022'),
	(161, '20240919194845'),
	(162, '20240916221039'),
	(163, '20240916220819'),
	(164, '20240930165802'),
	(165, '20240919200022'),
	(166, '20240919194845'),
	(167, '20240916221039'),
	(168, '20240930165802'),
	(169, '20240919200022'),
	(170, '20240919194845'),
	(171, '20240916221039'),
	(172, '20240930165802'),
	(185, '20240919200022'),
	(186, '20240919194845'),
	(187, '20240916221039'),
	(188, '20240916220819'),
	(189, '20240930165802'),
	(190, '20240919200022'),
	(191, '20240919194845'),
	(192, '20240916221039'),
	(193, '20240930165802'),
	(194, '20240919200022'),
	(195, '20240919194845'),
	(196, '20240916221039'),
	(197, '20240930165802'),
	(210, '20240930165802'),
	(210, '20240919200022'),
	(210, '20240916232132'),
	(210, '20240916220819'),
	(210, '20240916221039'),
	(210, '20240930165456'),
	(210, '20240919194845'),
	(211, '20240930165802'),
	(211, '20240919200022'),
	(211, '20240916232132'),
	(211, '20240916220819'),
	(211, '20240916221039'),
	(211, '20240930165456'),
	(211, '20240919194845'),
	(212, '20240919194845'),
	(212, '20241109142305'),
	(212, '20240919200022'),
	(212, '20240930165456'),
	(212, '20240916221039'),
	(212, '20241109234117'),
	(212, '20241109221936'),
	(212, '20240916220819'),
	(212, '20240930165802'),
	(212, '20240916232132'),
	(213, '20241109142305'),
	(213, '20240930165456'),
	(213, '20241109234117'),
	(213, '20240916221039'),
	(213, '20241109221936'),
	(213, '20240916220819'),
	(213, '20240919200022'),
	(213, '20240919194845'),
	(213, '20240930165802'),
	(213, '20240916232132'),
	(213, '20241109134558'),
	(240, '20240916220819'),
	(241, '20240916221039'),
	(242, '20240916232132'),
	(243, '20240919194845'),
	(244, '20240930165456'),
	(245, '20240930165802'),
	(258, '20240916220819'),
	(259, '20240916221039'),
	(260, '20240916232132'),
	(261, '20240919194845'),
	(262, '20240930165456'),
	(263, '20240930165802'),
	(276, '20240916220819'),
	(277, '20240916221039'),
	(278, '20240916232132'),
	(279, '20240919194845'),
	(280, '20240930165456'),
	(281, '20240930165802'),
	(294, '20240916220819'),
	(295, '20240916221039'),
	(296, '20240916232132'),
	(297, '20240919194845'),
	(298, '20240930165456'),
	(299, '20240930165802'),
	(312, '20240916220819'),
	(313, '20240916221039'),
	(314, '20240916232132'),
	(315, '20240919194845'),
	(316, '20240930165456'),
	(317, '20240930165802'),
	(330, '20240916220819'),
	(331, '20240916221039'),
	(332, '20240916232132'),
	(333, '20240919194845'),
	(334, '20240930165456'),
	(335, '20240930165802'),
	(348, '20240916220819'),
	(349, '20240916221039'),
	(350, '20240916232132'),
	(351, '20240919194845'),
	(352, '20240930165456'),
	(353, '20240930165802'),
	(366, '20240916220819'),
	(367, '20240916221039'),
	(368, '20240916232132'),
	(369, '20240919194845'),
	(370, '20240930165456'),
	(371, '20240930165802'),
	(384, '20240916220819'),
	(385, '20240916221039'),
	(386, '20240916232132'),
	(387, '20240919194845'),
	(388, '20240930165456'),
	(389, '20240930165802'),
	(402, '20240916220819'),
	(403, '20240916221039'),
	(404, '20240916232132'),
	(405, '20240919194845'),
	(406, '20240930165456'),
	(407, '20240930165802'),
	(420, '20240916220819'),
	(421, '20240916221039'),
	(422, '20240916232132'),
	(423, '20240919194845'),
	(424, '20240930165456'),
	(425, '20240930165802'),
	(438, '20240916220819'),
	(439, '20240916221039'),
	(440, '20240916232132'),
	(441, '20240919194845'),
	(442, '20240930165456'),
	(443, '20240930165802'),
	(456, '20240916220819'),
	(457, '20240916221039'),
	(458, '20240916232132'),
	(459, '20240919194845'),
	(460, '20240930165456'),
	(461, '20240930165802'),
	(474, '20240916220819'),
	(475, '20240916221039'),
	(476, '20240916232132'),
	(477, '20240919194845'),
	(478, '20240930165456'),
	(479, '20240930165802'),
	(492, '20240916220819'),
	(493, '20240916221039'),
	(494, '20240916232132'),
	(495, '20240919194845'),
	(496, '20240930165456'),
	(497, '20240930165802'),
	(510, '20240916220819'),
	(511, '20240916221039'),
	(512, '20240916232132'),
	(513, '20240919194845'),
	(514, '20240930165456'),
	(515, '20240930165802'),
	(528, '20240916220819'),
	(529, '20240916221039'),
	(530, '20240916232132'),
	(531, '20240919194845'),
	(532, '20240930165456'),
	(533, '20240930165802'),
	(546, '20240916220819'),
	(547, '20240916220819'),
	(548, '20240916220819'),
	(549, '20240916221039'),
	(550, '20240916221039'),
	(551, '20240916221039'),
	(552, '20240916232132'),
	(553, '20240916232132'),
	(554, '20240916232132'),
	(555, '20240919194845'),
	(556, '20240919194845'),
	(557, '20240919194845'),
	(558, '20240919200022'),
	(559, '20240930165456'),
	(560, '20240930165456'),
	(561, '20240930165456'),
	(562, '20240930165802'),
	(563, '20240930165802'),
	(564, '20240930165802'),
	(565, '20241109142305'),
	(566, '20241109221936'),
	(567, '20241109234117'),
	(598, '20240916220819'),
	(599, '20240916220819'),
	(600, '20240916221039'),
	(601, '20240916221039'),
	(602, '20240916232132'),
	(603, '20240916232132'),
	(604, '20240919194845'),
	(605, '20240919194845'),
	(606, '20240919200022'),
	(607, '20240930165456'),
	(608, '20240930165456'),
	(609, '20240930165802'),
	(610, '20240930165802'),
	(611, '20241109142305'),
	(612, '20241109221936'),
	(613, '20241109234117'),
	(632, '20240916220819'),
	(633, '20240916220819'),
	(634, '20240916221039'),
	(635, '20240916221039'),
	(636, '20240916232132'),
	(637, '20240916232132'),
	(638, '20240919194845'),
	(639, '20240919194845'),
	(640, '20240919200022'),
	(641, '20240930165456'),
	(642, '20240930165456'),
	(643, '20240930165802'),
	(644, '20240930165802'),
	(645, '20241109142305'),
	(646, '20241109221936'),
	(647, '20241109234117'),
	(666, '20240916220819'),
	(667, '20240916220819'),
	(668, '20240916221039'),
	(669, '20240916221039'),
	(670, '20240916232132'),
	(671, '20240916232132'),
	(672, '20240919194845'),
	(673, '20240919194845'),
	(674, '20240919200022'),
	(675, '20240930165456'),
	(676, '20240930165456'),
	(677, '20240930165802'),
	(678, '20240930165802'),
	(679, '20241109142305'),
	(680, '20241109221936'),
	(681, '20241109234117'),
	(700, '20240916220819'),
	(701, '20240916220819'),
	(702, '20240916221039'),
	(703, '20240916221039'),
	(704, '20240916232132'),
	(705, '20240916232132'),
	(706, '20240919194845'),
	(707, '20240919194845'),
	(708, '20240919200022'),
	(709, '20240930165456'),
	(710, '20240930165456'),
	(711, '20240930165802'),
	(712, '20240930165802'),
	(713, '20241109142305'),
	(714, '20241109221936'),
	(715, '20241109234117'),
	(734, '20240916220819'),
	(735, '20240916220819'),
	(736, '20240916221039'),
	(737, '20240916221039'),
	(738, '20240916232132'),
	(739, '20240916232132'),
	(740, '20240919194845'),
	(741, '20240919194845'),
	(742, '20240919200022'),
	(743, '20240930165456'),
	(744, '20240930165456'),
	(745, '20240930165802'),
	(746, '20240930165802'),
	(747, '20241109142305'),
	(748, '20241109221936'),
	(749, '20241109234117'),
	(768, '20240916220819'),
	(769, '20240916220819'),
	(770, '20240916221039'),
	(771, '20240916221039'),
	(772, '20240916232132'),
	(773, '20240916232132'),
	(774, '20240919194845'),
	(775, '20240919194845'),
	(776, '20240919200022'),
	(777, '20240930165456'),
	(778, '20240930165456'),
	(779, '20240930165802'),
	(780, '20240930165802'),
	(781, '20241109142305'),
	(782, '20241109221936'),
	(783, '20241109234117'),
	(802, '20240916220819'),
	(803, '20240916220819'),
	(804, '20240916221039'),
	(805, '20240916221039'),
	(806, '20240916232132'),
	(807, '20240916232132'),
	(808, '20240919194845'),
	(809, '20240919194845'),
	(810, '20240919200022'),
	(811, '20240930165456'),
	(812, '20240930165456'),
	(813, '20240930165802'),
	(814, '20240930165802'),
	(815, '20241109142305'),
	(816, '20241109221936'),
	(817, '20241109234117'),
	(836, '20240916220819'),
	(837, '20240916220819'),
	(838, '20240916221039'),
	(839, '20240916221039'),
	(840, '20240916232132'),
	(841, '20240916232132'),
	(842, '20240919194845'),
	(843, '20240919194845'),
	(844, '20240919200022'),
	(845, '20240930165456'),
	(846, '20240930165456'),
	(847, '20240930165802'),
	(848, '20240930165802'),
	(849, '20241109142305'),
	(850, '20241109221936'),
	(851, '20241109234117'),
	(870, '20240916220819'),
	(871, '20240916220819'),
	(872, '20240916221039'),
	(873, '20240916221039'),
	(874, '20240916232132'),
	(875, '20240916232132'),
	(876, '20240919194845'),
	(877, '20240919194845'),
	(878, '20240919200022'),
	(879, '20240930165456'),
	(880, '20240930165456'),
	(881, '20240930165802'),
	(882, '20240930165802'),
	(883, '20241109142305'),
	(884, '20241109221936'),
	(885, '20241109234117'),
	(904, '20240916220819'),
	(905, '20240916220819'),
	(906, '20240916221039'),
	(907, '20240916221039'),
	(908, '20240916232132'),
	(909, '20240916232132'),
	(910, '20240919194845'),
	(911, '20240919194845'),
	(912, '20240919200022'),
	(913, '20240930165456'),
	(914, '20240930165456'),
	(915, '20240930165802'),
	(916, '20240930165802'),
	(917, '20241109142305'),
	(918, '20241109221936'),
	(919, '20241109234117'),
	(938, '20240916220819'),
	(939, '20240916220819'),
	(940, '20240916220819'),
	(941, '20240916221039'),
	(942, '20240916221039'),
	(943, '20240916221039'),
	(944, '20240916232132'),
	(945, '20240916232132'),
	(946, '20240916232132'),
	(947, '20240919194845'),
	(948, '20240919194845'),
	(949, '20240919194845'),
	(950, '20240919200022'),
	(951, '20240919200022'),
	(952, '20240919200022'),
	(953, '20240930165456'),
	(954, '20240930165456'),
	(955, '20240930165456'),
	(956, '20240930165802'),
	(957, '20240930165802'),
	(958, '20240930165802'),
	(959, '20241109134558'),
	(960, '20241109134558'),
	(961, '20241109134558'),
	(962, '20241109142305'),
	(963, '20241109142305'),
	(964, '20241109142305'),
	(965, '20241109221936'),
	(966, '20241109221936'),
	(967, '20241109221936'),
	(968, '20241109234117'),
	(969, '20241109234117'),
	(970, '20241109234117'),
	(988, '20240916220819'),
	(989, '20240916220819'),
	(990, '20240916220819'),
	(991, '20240916221039'),
	(992, '20240916221039'),
	(993, '20240916221039'),
	(994, '20240916232132'),
	(995, '20240916232132'),
	(996, '20240916232132'),
	(997, '20240919194845'),
	(998, '20240919194845'),
	(999, '20240919194845'),
	(1000, '20240919200022'),
	(1001, '20240919200022'),
	(1002, '20240919200022'),
	(1003, '20240930165456'),
	(1004, '20240930165456'),
	(1005, '20240930165456'),
	(1006, '20240930165802'),
	(1007, '20240930165802'),
	(1008, '20240930165802'),
	(1009, '20241109134558'),
	(1010, '20241109134558'),
	(1011, '20241109134558'),
	(1012, '20241109142305'),
	(1013, '20241109142305'),
	(1014, '20241109142305'),
	(1015, '20241109221936'),
	(1016, '20241109221936'),
	(1017, '20241109221936'),
	(1018, '20241109234117'),
	(1019, '20241109234117'),
	(1020, '20241109234117'),
	(1038, '20240916220819'),
	(1039, '20240916220819'),
	(1040, '20240916220819'),
	(1041, '20240916221039'),
	(1042, '20240916221039'),
	(1043, '20240916221039'),
	(1044, '20240916232132'),
	(1045, '20240916232132'),
	(1046, '20240916232132'),
	(1047, '20240919194845'),
	(1048, '20240919194845'),
	(1049, '20240919194845'),
	(1050, '20240919200022'),
	(1051, '20240919200022'),
	(1052, '20240919200022'),
	(1053, '20240930165456'),
	(1054, '20240930165456'),
	(1055, '20240930165456'),
	(1056, '20240930165802'),
	(1057, '20240930165802'),
	(1058, '20240930165802'),
	(1059, '20241109134558'),
	(1060, '20241109134558'),
	(1061, '20241109134558'),
	(1062, '20241109142305'),
	(1063, '20241109142305'),
	(1064, '20241109142305'),
	(1065, '20241109221936'),
	(1066, '20241109221936'),
	(1067, '20241109221936'),
	(1068, '20241109234117'),
	(1069, '20241109234117'),
	(1070, '20241109234117'),
	(1088, '20240916220819'),
	(1089, '20240916221039'),
	(1090, '20240916232132'),
	(1091, '20240919194845'),
	(1092, '20240919200022'),
	(1093, '20240930165456'),
	(1094, '20240930165802'),
	(1095, '20241109134558'),
	(1096, '20241109142305'),
	(1097, '20241109221936'),
	(1098, '20241109234117'),
	(1108, '20240930165456'),
	(1108, '20241109142305'),
	(1108, '20240919194845'),
	(1108, '20240919200022'),
	(1108, '20241109134558'),
	(1108, '20240916221039'),
	(1108, '20241109234117'),
	(1108, '20241109221936'),
	(1108, '20240916220819'),
	(1108, '20240930165802'),
	(1108, '20240916232132'),
	(1109, '20240930165456'),
	(1109, '20241109142305'),
	(1109, '20240919194845'),
	(1109, '20240919200022'),
	(1109, '20241109134558'),
	(1109, '20240916221039'),
	(1109, '20241109234117'),
	(1109, '20241109221936'),
	(1109, '20240916220819'),
	(1109, '20240930165802'),
	(1109, '20240916232132'),
	(1110, '20241204203924'),
	(1110, '20241204204208'),
	(1110, '20241204201238'),
	(1110, '20241204204713'),
	(1110, '20241204204827'),
	(1110, '20241109134558'),
	(1110, '20241204203758'),
	(1110, '20241204204607'),
	(1110, '20241204200438'),
	(1110, '20240919200022'),
	(1110, '20241204201615'),
	(1110, '20240919194845'),
	(1110, '20241109142305'),
	(1110, '20241204203455'),
	(1110, '20240930165456'),
	(1110, '20241204204251'),
	(1110, '20241204201529'),
	(1110, '20241204204540'),
	(1110, '20241204204637'),
	(1110, '20241204200333'),
	(1110, '20241204204134'),
	(1110, '20241204200528'),
	(1110, '20241204204453'),
	(1110, '20241204204748'),
	(1110, '20241204204933'),
	(1110, '20241204204058'),
	(1110, '20241204200913'),
	(1110, '20241204200607'),
	(1110, '20241204200742'),
	(1110, '20241204203840'),
	(1110, '20241204204415'),
	(1110, '20241204201341'),
	(1110, '20241204205059'),
	(1110, '20241204201439'),
	(1110, '20240916232132'),
	(1110, '20241204204902'),
	(1110, '20241204203720'),
	(1110, '20241204205144'),
	(1110, '20241204200653'),
	(1110, '20241204203414'),
	(1110, '20240916220819'),
	(1110, '20241204201148'),
	(1110, '20240930165802'),
	(1110, '20241204200836'),
	(1110, '20241204205020'),
	(1110, '20241204204330'),
	(1110, '20241204200244'),
	(1110, '20240916221039'),
	(1110, '20241109234117'),
	(1110, '20241204204016'),
	(1110, '20241204205214'),
	(1110, '20241109221936'),
	(1110, '20241204203633');

-- Dumping structure for table baucutructuyen.chitietthongbaoungcuvien
CREATE TABLE IF NOT EXISTS `chitietthongbaoungcuvien` (
  `ID_ThongBao` int DEFAULT NULL,
  `ID_ucv` varchar(14) CHARACTER SET utf8mb4 COLLATE utf8mb4_general_ci DEFAULT NULL,
  KEY `ID_ucv` (`ID_ucv`),
  KEY `ID_ThongBao` (`ID_ThongBao`),
  CONSTRAINT `chitietthongbaoungcuvien_ibfk_ID_ThongBao` FOREIGN KEY (`ID_ThongBao`) REFERENCES `thongbao` (`ID_ThongBao`) ON DELETE CASCADE,
  CONSTRAINT `chitietthongbaoungcuvien_ibfk_ID_ucv` FOREIGN KEY (`ID_ucv`) REFERENCES `ungcuvien` (`ID_ucv`) ON DELETE CASCADE
) ENGINE=InnoDB DEFAULT CHARSET=utf8mb4 COLLATE=utf8mb4_general_ci;

-- Dumping data for table baucutructuyen.chitietthongbaoungcuvien: ~384 rows (approximately)
INSERT INTO `chitietthongbaoungcuvien` (`ID_ThongBao`, `ID_ucv`) VALUES
	(59, '20241017143132'),
	(59, '20241017143237'),
	(59, '20241017143328'),
	(59, '20241017143409'),
	(59, '20241017143445'),
	(73, '20241003000921'),
	(74, '20241003002121'),
	(75, '20241003002930'),
	(76, '20241003003050'),
	(77, '20241003003142'),
	(78, '20241012212410'),
	(79, '20241012212527'),
	(98, '20241003000921'),
	(99, '20241003002121'),
	(100, '20241003002930'),
	(101, '20241003003050'),
	(102, '20241003003142'),
	(103, '20241012212410'),
	(104, '20241012212527'),
	(123, '20241003000921'),
	(124, '20241003002121'),
	(125, '20241003002930'),
	(126, '20241003003050'),
	(127, '20241003003142'),
	(128, '20241012212410'),
	(129, '20241012212527'),
	(148, '20241003000921'),
	(149, '20241003002121'),
	(150, '20241003002930'),
	(151, '20241003003050'),
	(152, '20241003003142'),
	(153, '20241012212410'),
	(154, '20241012212527'),
	(173, '20241003000921'),
	(174, '20241003002121'),
	(175, '20241003002930'),
	(176, '20241003003050'),
	(177, '20241003003142'),
	(178, '20241012212410'),
	(179, '20241012212527'),
	(198, '20241003000921'),
	(199, '20241003002121'),
	(200, '20241003002930'),
	(201, '20241003003050'),
	(202, '20241003003142'),
	(203, '20241012212410'),
	(204, '20241012212527'),
	(210, '20241017143132'),
	(210, '20241017143237'),
	(210, '20241017143328'),
	(210, '20241017143409'),
	(210, '20241017143445'),
	(211, '20241017143132'),
	(211, '20241017143237'),
	(211, '20241017143328'),
	(211, '20241017143409'),
	(211, '20241017143445'),
	(212, '20241012212410'),
	(212, '20241003002121'),
	(212, '20241003003142'),
	(212, '20241003000921'),
	(212, '20241017143409'),
	(212, '20241003002930'),
	(213, '20241114150058'),
	(213, '20241012212410'),
	(213, '20241003003142'),
	(213, '20241003000921'),
	(213, '20241003002121'),
	(213, '20241017143409'),
	(213, '20241017143132'),
	(214, '20241114150058'),
	(215, '20241003003142'),
	(216, '20241003000921'),
	(217, '20241017143409'),
	(221, '20241114150058'),
	(222, '20241003003142'),
	(223, '20241003000921'),
	(224, '20241017143409'),
	(228, '20241114150058'),
	(229, '20241003003142'),
	(230, '20241003000921'),
	(231, '20241017143409'),
	(232, '20241017143132'),
	(233, '20241017143237'),
	(234, '20241017143445'),
	(235, '20241003000921'),
	(236, '20241012212410'),
	(246, '20241114150058'),
	(247, '20241003003142'),
	(248, '20241003000921'),
	(249, '20241017143409'),
	(250, '20241017143132'),
	(251, '20241017143237'),
	(252, '20241017143445'),
	(253, '20241003000921'),
	(254, '20241012212410'),
	(264, '20241114150058'),
	(265, '20241003003142'),
	(266, '20241003000921'),
	(267, '20241017143409'),
	(268, '20241017143132'),
	(269, '20241017143237'),
	(270, '20241017143445'),
	(271, '20241003000921'),
	(272, '20241012212410'),
	(282, '20241114150058'),
	(283, '20241003003142'),
	(284, '20241003000921'),
	(285, '20241017143409'),
	(286, '20241017143132'),
	(287, '20241017143237'),
	(288, '20241017143445'),
	(289, '20241003000921'),
	(290, '20241012212410'),
	(300, '20241114150058'),
	(301, '20241003003142'),
	(302, '20241003000921'),
	(303, '20241017143409'),
	(304, '20241017143132'),
	(305, '20241017143237'),
	(306, '20241017143445'),
	(307, '20241003000921'),
	(308, '20241012212410'),
	(318, '20241114150058'),
	(319, '20241003003142'),
	(320, '20241003000921'),
	(321, '20241017143409'),
	(322, '20241017143132'),
	(323, '20241017143237'),
	(324, '20241017143445'),
	(325, '20241003000921'),
	(326, '20241012212410'),
	(336, '20241114150058'),
	(337, '20241003003142'),
	(338, '20241003000921'),
	(339, '20241017143409'),
	(340, '20241017143132'),
	(341, '20241017143237'),
	(342, '20241017143445'),
	(343, '20241003000921'),
	(344, '20241012212410'),
	(354, '20241114150058'),
	(355, '20241003003142'),
	(356, '20241003000921'),
	(357, '20241017143409'),
	(358, '20241017143132'),
	(359, '20241017143237'),
	(360, '20241017143445'),
	(361, '20241003000921'),
	(362, '20241012212410'),
	(372, '20241114150058'),
	(373, '20241003003142'),
	(374, '20241003000921'),
	(375, '20241017143409'),
	(376, '20241017143132'),
	(377, '20241017143237'),
	(378, '20241017143445'),
	(379, '20241003000921'),
	(380, '20241012212410'),
	(390, '20241114150058'),
	(391, '20241003003142'),
	(392, '20241003000921'),
	(393, '20241017143409'),
	(394, '20241017143132'),
	(395, '20241017143237'),
	(396, '20241017143445'),
	(397, '20241003000921'),
	(398, '20241012212410'),
	(408, '20241114150058'),
	(409, '20241003003142'),
	(410, '20241003000921'),
	(411, '20241017143409'),
	(412, '20241017143132'),
	(413, '20241017143237'),
	(414, '20241017143445'),
	(415, '20241003000921'),
	(416, '20241012212410'),
	(426, '20241114150058'),
	(427, '20241003003142'),
	(428, '20241003000921'),
	(429, '20241017143409'),
	(430, '20241017143132'),
	(431, '20241017143237'),
	(432, '20241017143445'),
	(433, '20241003000921'),
	(434, '20241012212410'),
	(444, '20241114150058'),
	(445, '20241003003142'),
	(446, '20241003000921'),
	(447, '20241017143409'),
	(448, '20241017143132'),
	(449, '20241017143237'),
	(450, '20241017143445'),
	(451, '20241003000921'),
	(452, '20241012212410'),
	(462, '20241114150058'),
	(463, '20241003003142'),
	(464, '20241003000921'),
	(465, '20241017143409'),
	(466, '20241017143132'),
	(467, '20241017143237'),
	(468, '20241017143445'),
	(469, '20241003000921'),
	(470, '20241012212410'),
	(480, '20241114150058'),
	(481, '20241003003142'),
	(482, '20241003000921'),
	(483, '20241017143409'),
	(484, '20241017143132'),
	(485, '20241017143237'),
	(486, '20241017143445'),
	(487, '20241003000921'),
	(488, '20241012212410'),
	(498, '20241114150058'),
	(499, '20241003003142'),
	(500, '20241003000921'),
	(501, '20241017143409'),
	(502, '20241017143132'),
	(503, '20241017143237'),
	(504, '20241017143445'),
	(505, '20241003000921'),
	(506, '20241012212410'),
	(516, '20241114150058'),
	(517, '20241003003142'),
	(518, '20241003000921'),
	(519, '20241017143409'),
	(520, '20241017143132'),
	(521, '20241017143237'),
	(522, '20241017143445'),
	(523, '20241003000921'),
	(524, '20241012212410'),
	(534, '20241114150058'),
	(535, '20241003003142'),
	(536, '20241003000921'),
	(537, '20241017143409'),
	(538, '20241017143132'),
	(539, '20241017143237'),
	(540, '20241017143445'),
	(541, '20241003000921'),
	(542, '20241012212410'),
	(568, '20241114150058'),
	(569, '20241003003142'),
	(570, '20241003000921'),
	(571, '20241017143409'),
	(572, '20241012212410'),
	(573, '20241003002121'),
	(574, '20241003003142'),
	(575, '20241003000921'),
	(576, '20241017143409'),
	(577, '20241003002930'),
	(578, '20241017143132'),
	(579, '20241017143237'),
	(580, '20241017143445'),
	(581, '20241003000921'),
	(582, '20241012212410'),
	(583, '20241003000921'),
	(584, '20241012212410'),
	(614, '20241012212410'),
	(615, '20241003002121'),
	(616, '20241003003142'),
	(617, '20241003000921'),
	(618, '20241017143409'),
	(619, '20241003002930'),
	(620, '20241003000921'),
	(621, '20241012212410'),
	(648, '20241012212410'),
	(649, '20241003002121'),
	(650, '20241003003142'),
	(651, '20241003000921'),
	(652, '20241017143409'),
	(653, '20241003002930'),
	(654, '20241003000921'),
	(655, '20241012212410'),
	(682, '20241012212410'),
	(683, '20241003002121'),
	(684, '20241003003142'),
	(685, '20241003000921'),
	(686, '20241017143409'),
	(687, '20241003002930'),
	(688, '20241003000921'),
	(689, '20241012212410'),
	(716, '20241012212410'),
	(717, '20241003002121'),
	(718, '20241003003142'),
	(719, '20241003000921'),
	(720, '20241017143409'),
	(721, '20241003002930'),
	(722, '20241003000921'),
	(723, '20241012212410'),
	(750, '20241012212410'),
	(751, '20241003002121'),
	(752, '20241003003142'),
	(753, '20241003000921'),
	(754, '20241017143409'),
	(755, '20241003002930'),
	(756, '20241003000921'),
	(757, '20241012212410'),
	(784, '20241012212410'),
	(785, '20241003002121'),
	(786, '20241003003142'),
	(787, '20241003000921'),
	(788, '20241017143409'),
	(789, '20241003002930'),
	(790, '20241003000921'),
	(791, '20241012212410'),
	(818, '20241012212410'),
	(819, '20241003002121'),
	(820, '20241003003142'),
	(821, '20241003000921'),
	(822, '20241017143409'),
	(823, '20241003002930'),
	(824, '20241003000921'),
	(825, '20241012212410'),
	(852, '20241012212410'),
	(853, '20241003002121'),
	(854, '20241003003142'),
	(855, '20241003000921'),
	(856, '20241017143409'),
	(857, '20241003002930'),
	(858, '20241003000921'),
	(859, '20241012212410'),
	(886, '20241012212410'),
	(887, '20241003002121'),
	(888, '20241003003142'),
	(889, '20241003000921'),
	(890, '20241017143409'),
	(891, '20241003002930'),
	(892, '20241003000921'),
	(893, '20241012212410'),
	(920, '20241012212410'),
	(921, '20241003002121'),
	(922, '20241003003142'),
	(923, '20241003000921'),
	(924, '20241017143409'),
	(925, '20241003002930'),
	(926, '20241003000921'),
	(927, '20241012212410'),
	(971, '20241003000921'),
	(972, '20241012212410'),
	(973, '20241003002121'),
	(974, '20241003002930'),
	(975, '20241003003050'),
	(976, '20241003003142'),
	(977, '20241017143409'),
	(978, '20241017143409'),
	(979, '20241012212410'),
	(980, '20241003002121'),
	(981, '20241003002930'),
	(982, '20241003003050'),
	(983, '20241003003142'),
	(984, '20241114150058'),
	(1021, '20241003000921'),
	(1022, '20241012212410'),
	(1023, '20241003002121'),
	(1024, '20241003002930'),
	(1025, '20241003003050'),
	(1026, '20241003003142'),
	(1027, '20241017143409'),
	(1028, '20241017143409'),
	(1029, '20241012212410'),
	(1030, '20241003002121'),
	(1031, '20241003002930'),
	(1032, '20241003003050'),
	(1033, '20241003003142'),
	(1034, '20241114150058'),
	(1071, '20241003000921'),
	(1072, '20241012212410'),
	(1073, '20241003002121'),
	(1074, '20241003002930'),
	(1075, '20241003003050'),
	(1076, '20241003003142'),
	(1077, '20241017143409'),
	(1078, '20241017143409'),
	(1079, '20241012212410'),
	(1080, '20241003002121'),
	(1081, '20241003002930'),
	(1082, '20241003003050'),
	(1083, '20241003003142'),
	(1084, '20241114150058'),
	(1099, '20241017143409'),
	(1100, '20241012212410'),
	(1101, '20241003002121'),
	(1102, '20241003002930'),
	(1103, '20241003003050'),
	(1104, '20241003003142'),
	(1105, '20241114150058'),
	(1108, '20241003000921'),
	(1108, '20241012212410'),
	(1108, '20241003002121'),
	(1108, '20241003002930'),
	(1108, '20241003003050'),
	(1108, '20241003003142'),
	(1108, '20241017143409'),
	(1109, '20241017143409'),
	(1109, '20241012212410'),
	(1109, '20241003002121'),
	(1109, '20241003002930'),
	(1109, '20241003003050'),
	(1109, '20241003003142'),
	(1109, '20241114150058'),
	(1110, '20241114150058'),
	(1110, '20241012212410'),
	(1110, '20241003002121'),
	(1110, '20241003003142'),
	(1110, '20241003000921'),
	(1110, '20241017143409'),
	(1110, '20241003002930'),
	(1110, '20241017143132');

-- Dumping structure for table baucutructuyen.chitiettrinhdohocvancanbo
CREATE TABLE IF NOT EXISTS `chitiettrinhdohocvancanbo` (
  `ID_TrinhDo` smallint DEFAULT NULL,
  `ID_CanBo` varchar(14) CHARACTER SET utf8mb4 COLLATE utf8mb4_general_ci DEFAULT NULL,
  KEY `ID_TrinhDo` (`ID_TrinhDo`),
  KEY `ID_CanBo` (`ID_CanBo`),
  CONSTRAINT `chitiettrinhdohocvancanbo_ibfk_1` FOREIGN KEY (`ID_TrinhDo`) REFERENCES `trinhdohocvan` (`ID_TrinhDo`),
  CONSTRAINT `chitiettrinhdohocvancanbo_ibfk_ID_CanBo` FOREIGN KEY (`ID_CanBo`) REFERENCES `canbo` (`ID_CanBo`) ON DELETE CASCADE
) ENGINE=InnoDB DEFAULT CHARSET=utf8mb4 COLLATE=utf8mb4_general_ci;

-- Dumping data for table baucutructuyen.chitiettrinhdohocvancanbo: ~0 rows (approximately)

-- Dumping structure for table baucutructuyen.chitiettrinhdohocvanungcuvien
CREATE TABLE IF NOT EXISTS `chitiettrinhdohocvanungcuvien` (
  `ID_TrinhDo` smallint DEFAULT NULL,
  `ID_ucv` varchar(14) CHARACTER SET utf8mb4 COLLATE utf8mb4_general_ci DEFAULT NULL,
  KEY `ID_ucv` (`ID_ucv`),
  KEY `ID_TrinhDo` (`ID_TrinhDo`),
  CONSTRAINT `chitiettrinhdohocvanungcuvien_ibfk_2` FOREIGN KEY (`ID_TrinhDo`) REFERENCES `trinhdohocvan` (`ID_TrinhDo`),
  CONSTRAINT `chitiettrinhdohocvanungcuvien_ibfk_ID_ucv` FOREIGN KEY (`ID_ucv`) REFERENCES `ungcuvien` (`ID_ucv`) ON DELETE CASCADE
) ENGINE=InnoDB DEFAULT CHARSET=utf8mb4 COLLATE=utf8mb4_general_ci;

-- Dumping data for table baucutructuyen.chitiettrinhdohocvanungcuvien: ~13 rows (approximately)
INSERT INTO `chitiettrinhdohocvanungcuvien` (`ID_TrinhDo`, `ID_ucv`) VALUES
	(11, '20241003000921'),
	(11, '20241003002121'),
	(11, '20241003002930'),
	(11, '20241003003050'),
	(11, '20241003003142'),
	(8, '20241012212410'),
	(8, '20241012212527'),
	(8, '20241017143132'),
	(8, '20241017143237'),
	(8, '20241017143328'),
	(8, '20241017143409'),
	(8, '20241017143445'),
	(12, '20241114150058');

-- Dumping structure for table baucutructuyen.chitietungcuvien
CREATE TABLE IF NOT EXISTS `chitietungcuvien` (
  `ID_ChucVu` tinyint DEFAULT NULL,
  `ID_ucv` varchar(14) CHARACTER SET utf8mb4 COLLATE utf8mb4_general_ci DEFAULT NULL,
  KEY `ID_ucv` (`ID_ucv`),
  CONSTRAINT `chitietungcuvien_ibfk_ID_ucv` FOREIGN KEY (`ID_ucv`) REFERENCES `ungcuvien` (`ID_ucv`) ON DELETE CASCADE
) ENGINE=InnoDB DEFAULT CHARSET=utf8mb4 COLLATE=utf8mb4_general_ci;

-- Dumping data for table baucutructuyen.chitietungcuvien: ~0 rows (approximately)
INSERT INTO `chitietungcuvien` (`ID_ChucVu`, `ID_ucv`) VALUES
	(0, '20241114150058');

-- Dumping structure for table baucutructuyen.chucvu
CREATE TABLE IF NOT EXISTS `chucvu` (
  `ID_ChucVu` tinyint NOT NULL AUTO_INCREMENT,
  `TenChucVu` varchar(50) CHARACTER SET utf8mb4 COLLATE utf8mb4_general_ci DEFAULT NULL,
  PRIMARY KEY (`ID_ChucVu`),
  KEY `idx_chucvu_ID_ChucVu` (`ID_ChucVu`)
) ENGINE=InnoDB AUTO_INCREMENT=17 DEFAULT CHARSET=utf8mb4 COLLATE=utf8mb4_general_ci;

-- Dumping data for table baucutructuyen.chucvu: ~15 rows (approximately)
INSERT INTO `chucvu` (`ID_ChucVu`, `TenChucVu`) VALUES
	(1, 'Hiệu trưởng trường đại học'),
	(2, 'Phó hiệu trưởng trường đại học'),
	(3, 'Phó hiệu trưởng trường CNTT&TT'),
	(4, 'Hiệu trưởng trường CNTT&TT'),
	(5, 'Trưởng khoa CNTT&TT'),
	(6, 'Trưởng khoa Hệ thống thông tin'),
	(7, 'Trưởng khoa Khoa học máy tính'),
	(9, 'Giảng viên mời dạy'),
	(10, 'Trưởng lớp Khoa Khoa học máy tính'),
	(11, 'Phó trưởng lớp Khoa Khoa học máy tính'),
	(12, 'Không có chức vụ'),
	(13, 'Sinh viên'),
	(14, 'Giảng viên'),
	(15, 'Kiểm soát viên'),
	(16, 'Bí thư chi hội');

-- Dumping structure for table baucutructuyen.cutri
CREATE TABLE IF NOT EXISTS `cutri` (
  `ID_CuTri` varchar(14) CHARACTER SET utf8mb4 COLLATE utf8mb4_general_ci NOT NULL,
  `ID_user` varchar(16) CHARACTER SET utf8mb4 COLLATE utf8mb4_general_ci DEFAULT NULL,
  PRIMARY KEY (`ID_CuTri`),
  KEY `FK_userCuTri` (`ID_user`),
  CONSTRAINT `FK_userCuTri_ID_user` FOREIGN KEY (`ID_user`) REFERENCES `nguoidung` (`ID_user`) ON DELETE CASCADE
) ENGINE=InnoDB DEFAULT CHARSET=utf8mb4 COLLATE=utf8mb4_general_ci;

-- Dumping data for table baucutructuyen.cutri: ~52 rows (approximately)
INSERT INTO `cutri` (`ID_CuTri`, `ID_user`) VALUES
	('20241204203924', '4S20241204203921'),
	('20241204204208', '5J20241204204205'),
	('20241204201238', '5v20241204201234'),
	('20241204204713', '7v20241204204710'),
	('20241204204827', '9120241204204824'),
	('20241109134558', 'bp20241109134555'),
	('20241204203758', 'Ei20241204203754'),
	('20241204204607', 'FC20241204204603'),
	('20241204200438', 'Hi20241204200433'),
	('20240919200022', 'i420240919200017'),
	('20241204201615', 'Ie20241204201612'),
	('20240919194845', 'iZ20240919194839'),
	('20241109142305', 'J820241109142300'),
	('20241204203455', 'Je20241204203451'),
	('20240930165456', 'jp20240930165451'),
	('20241204204251', 'jq20241204204248'),
	('20241204201529', 'KA20241204201526'),
	('20241204204540', 'kR20241204204537'),
	('20241204204637', 'kx20241204204634'),
	('20241204200333', 'ln20241204200329'),
	('20241204204134', 'M520241204204131'),
	('20241204200528', 'M720241204200522'),
	('20241204204453', 'mX20241204204450'),
	('20241204204748', 'N220241204204745'),
	('20241204204933', 'nM20241204204930'),
	('20241204204058', 'nO20241204204054'),
	('20241204200913', 'Nw20241204200910'),
	('20241204200607', 'oC20241204200602'),
	('20241204200742', 'ON20241204200739'),
	('20241204203840', 'Op20241204203836'),
	('20241204204415', 'p420241204204412'),
	('20241204201341', 'P820241204201337'),
	('20241204205059', 'P820241204205055'),
	('20240916221039', 'Pe20240916221033'),
	('20241109234117', 'pf20241109234113'),
	('20241204204016', 'pf20241204204013'),
	('20241204205214', 'pF20241204205211'),
	('20241109221936', 'ps20241109221931'),
	('20241204203633', 'Q520241204203624'),
	('20241204200244', 'Qa20241204200238'),
	('20241204204330', 'qo20241204204327'),
	('20241204205020', 'rt20241204205016'),
	('20241204200836', 'rZ20241204200833'),
	('20240916220819', 'sT20240916220819'),
	('20241204201148', 'tY20241204201144'),
	('20240930165802', 'uB20240930165759'),
	('20241204203414', 'uu20241204203410'),
	('20241204200653', 'W120241204200650'),
	('20241204205144', 'wp20241204205140'),
	('20241204203720', 'xG20241204203716'),
	('20241204204902', 'yH20241204204858'),
	('20240916232132', 'Zh20240916232125'),
	('20241204201439', 'zk20241204201435');

-- Dumping structure for table baucutructuyen.danhmucungcu
CREATE TABLE IF NOT EXISTS `danhmucungcu` (
  `ID_Cap` smallint NOT NULL AUTO_INCREMENT,
  `TenCapUngCu` varchar(50) CHARACTER SET utf8mb4 COLLATE utf8mb4_general_ci DEFAULT NULL,
  `ID_DonViBauCu` smallint DEFAULT NULL,
  PRIMARY KEY (`ID_Cap`),
  KEY `ID_DonViBauCu` (`ID_DonViBauCu`),
  KEY `idx_dm_ID_Cap` (`ID_Cap`),
  CONSTRAINT `danhmucungcu_ibfk_1` FOREIGN KEY (`ID_DonViBauCu`) REFERENCES `donvibaucu` (`ID_DonViBauCu`)
) ENGINE=InnoDB AUTO_INCREMENT=14 DEFAULT CHARSET=utf8mb4 COLLATE=utf8mb4_general_ci;

-- Dumping data for table baucutructuyen.danhmucungcu: ~12 rows (approximately)
INSERT INTO `danhmucungcu` (`ID_Cap`, `TenCapUngCu`, `ID_DonViBauCu`) VALUES
	(1, 'Trưởng khoa', 3),
	(2, 'Phó trưởng khoa', 3),
	(3, 'Trưởng phòng đào tạo', 1),
	(4, 'Hiệu trưởng', 9),
	(5, 'Phó hiệu trưởng', 9),
	(7, 'Trưởng Lớp A2 Khoa Khoa Học Máy Tính', 9),
	(8, 'Trưởng Lớp A3 Khoa Khoa Học Máy Tính', 9),
	(9, 'Trưởng Lớp A1 Khoa Khoa Học Máy Tính', 3),
	(10, 'Phó bảo vệ', 9),
	(11, 'Thủ Quỹ', 9),
	(12, 'Phó trường lớp KHMT A1', 3),
	(13, 'Bí Thư chi bộ', 9);

-- Dumping structure for table baucutructuyen.dantoc
CREATE TABLE IF NOT EXISTS `dantoc` (
  `ID_DanToc` tinyint NOT NULL AUTO_INCREMENT,
  `TenDanToc` varchar(20) CHARACTER SET utf8mb4 COLLATE utf8mb4_general_ci DEFAULT NULL,
  `TenGoiKhac` varchar(100) CHARACTER SET utf8mb4 COLLATE utf8mb4_general_ci DEFAULT NULL,
  PRIMARY KEY (`ID_DanToc`)
) ENGINE=InnoDB AUTO_INCREMENT=56 DEFAULT CHARSET=utf8mb4 COLLATE=utf8mb4_general_ci;

-- Dumping data for table baucutructuyen.dantoc: ~54 rows (approximately)
INSERT INTO `dantoc` (`ID_DanToc`, `TenDanToc`, `TenGoiKhac`) VALUES
	(1, 'Kinh', 'Việt'),
	(2, 'Tày', 'Thổ, Ngạn, Phén, Thù Lao, Pa Dí, Tày Khao'),
	(3, 'Thái', 'Tày Đăm, Tày Mười, Tày Thanh, Mán Thanh, Hàng Bông, Tày Mường, Pa Thay, Thổ Đà Bắc'),
	(4, 'Hoa', 'Hán, Triều Châu, Phúc Kiến, Quảng Đông, Hải Nam, Hạ, Xạ Phạng'),
	(5, 'Khơ-me', 'Cur, Cul, Cu, Thổ, Việt gốc Miên, Krôm'),
	(6, 'Mường', 'Mol, Mual, Mọi, Mọi Bi, Ao Tá, Ậu Tá'),
	(7, 'Nùng', 'Xuồng, Giang, Nùng An, Phàn Sinh, Nùng Cháo, Nùng Lòi, Quý Rim, Khèn Lài'),
	(8, 'HMông', 'Mèo, Hoa, Mèo Xanh, Mèo Đỏ, Mèo Đen, Ná Mẻo, Mán Trắng'),
	(9, 'Dao', 'Mán, Động, Trại, Xá, Dìu, Miên, Kiềm, Miền, Quần Trắng, Dao Đỏ, Quần Chẹt, Lô Giang, Dao Tiền, Thanh'),
	(10, 'Gia-rai', 'Giơ-rai, Tơ-buăn, Chơ-rai, Hơ-bau, Hđrung, Chor'),
	(11, 'Ngái', 'Xín, Lê, Đản, Khách Gia'),
	(12, 'Ê-đê', 'Ra-đê, Đê, Kpạ, A-đham, Krung, Ktul, Đliê Ruê, Blô, Epan, Mđhur, Bih'),
	(13, 'Ba na', 'Giơ-lar. Tơ-lô, Giơ-lâng, Y-lăng, Rơ-ngao, Krem, Roh, ConKđe, A-la Công, Kpăng Công, Bơ-nâm'),
	(14, 'Xơ-Đăng', 'Xơ-teng, Hđang, Tơ-đra, Mơ-nâm, Ha-lăng, Ca-dong, Kmrâng, ConLan, Bri-la, Tang'),
	(15, 'Sán Chay', 'Cao Lan, Sán Chỉ, Mán Cao Lan, Hờn Bạn, Sơn Tử'),
	(16, 'Cơ-ho', 'Xrê, Nốp, Tu-lốp, Cơ-don, Chil, Lat, Lach, Trinh'),
	(17, 'Chăm', 'Chàm, Chiêm Thành, Hroi'),
	(18, 'Sán Dìu', 'Sán Dẻo, Trại, Trại Đất, Mán, Quần Cộc'),
	(19, 'Hrê', 'Chăm Rê, Chom, Krẹ Luỹ'),
	(20, 'Mnông', 'Pnông, Nông, Pré, Bu-đâng, ĐiPri, Biat, Gar, Rơ-lam, Chil'),
	(21, 'Ra-glai', 'Ra-clây, Rai, Noang, La-oang'),
	(22, 'Xtiêng', 'Xa-điêng'),
	(23, 'Bru-Vân Kiều', 'Bru, Vân Kiều, Măng Coong, Tri Khùa'),
	(24, 'Thổ', 'Kẹo, Mọn, Cuối, Họ, Đan Lai, Ly Hà, Tày Pọng, Con Kha, Xá Lá Vàng'),
	(25, 'Giáy', 'Nhắng, Dẩng, Pầu Thìn Nu Nà, Cùi Chu, Xa'),
	(26, 'Cơ-tu', 'Ca-tu, Cao, Hạ, Phương, Ca-tang'),
	(27, 'Gié Triêng', 'Đgiéh, Tareb, Giang Rẫy Pin, Triêng, Treng, Ta-riêng, Ve, Veh, La-ve, Ca-tang'),
	(28, 'Mạ', 'Châu Mạ, Mạ Ngăn, Mạ Xóp, Mạ Tô, Mạ Krung'),
	(29, 'Khơ-mú', 'Xá Cẩu, Mứn Xen, Pu Thênh, Tềnh, Tày Hay'),
	(30, 'Co', 'Cor, Col, Cùa, Trầu'),
	(31, 'Tà-ôi', 'Tôi-ôi, Pa-co, Pa-hi, Ba-hi'),
	(32, 'Chơ-ro', 'Dơ-ro, Châu-ro'),
	(33, 'Kháng', 'Xá Khao, Xá Súa, Xá Dón, Xá Dẩng, Xá Hốc, Xá Ái, Xá Bung, Quảng Lâm'),
	(34, 'Xinh-mun', 'Puộc, Pụa'),
	(35, 'Hà Nhì', 'U Ni, Xá U Ni'),
	(36, 'Chu ru', 'Chơ-ru, Chu'),
	(37, 'Lào    ', 'Là Bốc, Lào Nọi'),
	(38, 'La Chí', 'Cù Tê, La Quả'),
	(39, 'La Ha', 'Xá Khao, Khlá Phlạo'),
	(40, 'Phù Lá', 'Bồ Khô Pạ, Mu Di Pạ Xá, Phó, Phổ, Va Xơ'),
	(41, 'La Hủ', 'Lao, Pu Đang, Khù Xung, Cò Xung, Khả Quy'),
	(42, '4Lự    ', 'Lừ, Nhuồn, Duôn'),
	(43, 'Lô Lô', 'Mun Di'),
	(44, 'Chứt', 'Sách, Máy, Rục, Mã-liêng, A-rem, Tu vang, Pa-leng, Xơ-Lang, Tơ-hung, Chà-củi, Tắc-củi, U-mo, Xá Lá V'),
	(45, 'Mảng', 'Mảng Ư, Xá Lá Vàng'),
	(46, 'Pà Thẻn        Pà Hư', 'undefined'),
	(47, 'Co Lao', NULL),
	(48, 'Cống', 'Xắm Khống, Mấng Nhé, Xá Xeng'),
	(49, 'Bố Y', 'Chủng Chá, Trọng Gia, Tu Di, Tu Din'),
	(50, 'Si La', 'Cù Dề Xừ, Khả pẻ'),
	(51, 'Pu Péo', 'Ka Pèo, Pen Ti Lô Lô'),
	(52, 'Brâu', 'Brao'),
	(53, 'Ơ Đu', 'Tày Hạt'),
	(54, 'Rơ măm', NULL);

-- Dumping structure for table baucutructuyen.diachitamtru
CREATE TABLE IF NOT EXISTS `diachitamtru` (
  `ID_QH` int DEFAULT NULL,
  `ID_user` varchar(16) CHARACTER SET utf8mb4 COLLATE utf8mb4_general_ci DEFAULT NULL,
  KEY `ID_QH` (`ID_QH`),
  KEY `fk_nguoidungtamtru` (`ID_user`),
  CONSTRAINT `diachitamtru_ibfk_3` FOREIGN KEY (`ID_QH`) REFERENCES `quanhuyen` (`ID_QH`),
  CONSTRAINT `fk_nguoidungtamtru_ID_user` FOREIGN KEY (`ID_user`) REFERENCES `nguoidung` (`ID_user`) ON DELETE CASCADE
) ENGINE=InnoDB DEFAULT CHARSET=utf8mb4 COLLATE=utf8mb4_general_ci;

-- Dumping data for table baucutructuyen.diachitamtru: ~0 rows (approximately)

-- Dumping structure for table baucutructuyen.diachithuongtru
CREATE TABLE IF NOT EXISTS `diachithuongtru` (
  `ID_QH` int DEFAULT NULL,
  `ID_user` varchar(16) CHARACTER SET utf8mb4 COLLATE utf8mb4_general_ci DEFAULT NULL,
  KEY `ID_QH` (`ID_QH`),
  KEY `fk_nguoidung` (`ID_user`),
  CONSTRAINT `diachithuongtru_ibfk_3` FOREIGN KEY (`ID_QH`) REFERENCES `quanhuyen` (`ID_QH`),
  CONSTRAINT `fk_nguoidung_ID_user` FOREIGN KEY (`ID_user`) REFERENCES `nguoidung` (`ID_user`) ON DELETE CASCADE
) ENGINE=InnoDB DEFAULT CHARSET=utf8mb4 COLLATE=utf8mb4_general_ci;

-- Dumping data for table baucutructuyen.diachithuongtru: ~0 rows (approximately)

-- Dumping structure for table baucutructuyen.donvibaucu
CREATE TABLE IF NOT EXISTS `donvibaucu` (
  `ID_DonViBauCu` smallint NOT NULL AUTO_INCREMENT,
  `TenDonViBauCu` varchar(50) CHARACTER SET utf8mb4 COLLATE utf8mb4_general_ci DEFAULT NULL,
  `DiaChi` varchar(255) CHARACTER SET utf8mb4 COLLATE utf8mb4_general_ci DEFAULT NULL,
  `ID_QH` int DEFAULT NULL,
  PRIMARY KEY (`ID_DonViBauCu`),
  KEY `ID_QH` (`ID_QH`),
  CONSTRAINT `donvibaucu_ibfk_1` FOREIGN KEY (`ID_QH`) REFERENCES `quanhuyen` (`ID_QH`)
) ENGINE=InnoDB AUTO_INCREMENT=12 DEFAULT CHARSET=utf8mb4 COLLATE=utf8mb4_general_ci;

-- Dumping data for table baucutructuyen.donvibaucu: ~5 rows (approximately)
INSERT INTO `donvibaucu` (`ID_DonViBauCu`, `TenDonViBauCu`, `DiaChi`, `ID_QH`) VALUES
	(1, 'Khoa công nghệ thông tin', 'Phường An Khánh, Q.Ninh Kiều, tp.Cần Thơ', 1),
	(3, 'Khoa khoa học máy tính', 'Phường An Khánh, Q.Ninh Kiều, tp.Cần Thơ', 1),
	(6, 'Khoa Hệ thống thông tin', 'Phường An Khánh, Q.Ninh Kiều, tp.Cần Thơ', 1),
	(9, 'Trường CNTT&TT', 'Phường An Khánh, Q.Ninh Kiều, tp.Cần Thơ', 1),
	(10, 'Trường ĐH Cần Thơ', 'Phường An Khánh, Q.Ninh Kiều, tp.Cần Thơ', 1);

-- Dumping structure for table baucutructuyen.hoatdong
CREATE TABLE IF NOT EXISTS `hoatdong` (
  `ID_canbo` varchar(14) CHARACTER SET utf8mb4 COLLATE utf8mb4_general_ci DEFAULT NULL,
  `ID_ChucVu` tinyint DEFAULT '16',
  `ID_Ban` smallint DEFAULT '6',
  `ngayBD` datetime DEFAULT NULL,
  KEY `ID_canbo` (`ID_canbo`),
  KEY `ID_ChucVu` (`ID_ChucVu`),
  KEY `ID_Ban` (`ID_Ban`),
  KEY `ngayBD` (`ngayBD`),
  KEY `idx_hoatdong_ngayBD` (`ngayBD`),
  KEY `idx_hoatdong_ID_canbo` (`ID_canbo`),
  KEY `idx_hoatdong_ID_ChucVu` (`ID_ChucVu`),
  KEY `idx_hoatdong_ID_Ban` (`ID_Ban`),
  CONSTRAINT `hoatdong_ibfk_2` FOREIGN KEY (`ID_ChucVu`) REFERENCES `chucvu` (`ID_ChucVu`),
  CONSTRAINT `hoatdong_ibfk_3` FOREIGN KEY (`ID_Ban`) REFERENCES `ban` (`ID_Ban`),
  CONSTRAINT `hoatdong_ibfk_ID_CanBo` FOREIGN KEY (`ID_canbo`) REFERENCES `canbo` (`ID_CanBo`) ON DELETE CASCADE,
  CONSTRAINT `hoatdong_ibfk_ngayBD` FOREIGN KEY (`ngayBD`) REFERENCES `kybaucu` (`ngayBD`) ON DELETE CASCADE
) ENGINE=InnoDB DEFAULT CHARSET=utf8mb4 COLLATE=utf8mb4_general_ci;

-- Dumping data for table baucutructuyen.hoatdong: ~24 rows (approximately)
INSERT INTO `hoatdong` (`ID_canbo`, `ID_ChucVu`, `ID_Ban`, `ngayBD`) VALUES
	('20241025151435', 16, 6, '2024-11-30 07:57:57'),
	('20241025151435', 16, 6, '2024-11-30 09:59:59'),
	('20241025151435', 16, 6, '2024-11-30 06:56:56'),
	('20241025151435', 16, 6, '2024-12-06 11:27:38');

-- Dumping structure for table baucutructuyen.hosonguoidung
CREATE TABLE IF NOT EXISTS `hosonguoidung` (
  `MaSo` int NOT NULL AUTO_INCREMENT,
  `TrangThaiDangKy` varchar(1) CHARACTER SET utf8mb4 COLLATE utf8mb4_general_ci DEFAULT '0',
  `ID_user` varchar(16) CHARACTER SET utf8mb4 COLLATE utf8mb4_general_ci DEFAULT NULL,
  PRIMARY KEY (`MaSo`),
  KEY `ID_user` (`ID_user`),
  CONSTRAINT `hosonguoidung_ibfk_ID_user` FOREIGN KEY (`ID_user`) REFERENCES `nguoidung` (`ID_user`) ON DELETE CASCADE
) ENGINE=InnoDB AUTO_INCREMENT=89 DEFAULT CHARSET=utf8mb4 COLLATE=utf8mb4_general_ci;

-- Dumping data for table baucutructuyen.hosonguoidung: ~71 rows (approximately)
INSERT INTO `hosonguoidung` (`MaSo`, `TrangThaiDangKy`, `ID_user`) VALUES
	(1, '1', 'sT20240916220819'),
	(2, '1', 'Pe20240916221033'),
	(3, '1', 'Zh20240916232125'),
	(6, '1', 'iZ20240919194839'),
	(7, '1', 'i420240919200017'),
	(8, '1', 'jp20240930165451'),
	(9, '1', 'uB20240930165759'),
	(10, '1', 'Ds20241003000915'),
	(11, '1', '7H20241003002115'),
	(12, '1', 'Gu20241003002922'),
	(13, '1', 'RM20241003003046'),
	(14, '1', 'Do20241003003139'),
	(15, '1', '5520241012212400'),
	(16, '1', 'uO20241012212509'),
	(17, '1', 'rY20240918210506'),
	(18, '1', 'ME20241017143125'),
	(19, '1', 'ui20241017143233'),
	(20, '1', 'sX20241017143325'),
	(21, '1', 'Dz20241017143406'),
	(22, '1', 'TC20241017143443'),
	(23, '1', 'Pv20241025151431'),
	(24, '1', '7L20241025152412'),
	(25, '1', 'in20241025153445'),
	(26, '1', 'Dp20241025153713'),
	(27, '1', 'rw20241025153937'),
	(28, '1', 'bp20241109134555'),
	(29, '1', 'J820241109142300'),
	(30, '1', 'ps20241109221931'),
	(31, '1', 'pf20241109234113'),
	(39, '1', '2K20241114150052'),
	(47, '1', 'Qa20241204200238'),
	(48, '1', 'ln20241204200329'),
	(49, '1', 'Hi20241204200433'),
	(50, '1', 'M720241204200522'),
	(51, '1', 'oC20241204200602'),
	(52, '1', 'W120241204200650'),
	(53, '1', 'ON20241204200739'),
	(54, '1', 'rZ20241204200833'),
	(55, '1', 'Nw20241204200910'),
	(56, '1', 'tY20241204201144'),
	(57, '1', '5v20241204201234'),
	(58, '1', 'P820241204201337'),
	(59, '1', 'zk20241204201435'),
	(60, '1', 'KA20241204201526'),
	(61, '1', 'Ie20241204201612'),
	(62, '1', 'uu20241204203410'),
	(63, '1', 'Je20241204203451'),
	(64, '1', 'Q520241204203624'),
	(65, '1', 'xG20241204203716'),
	(66, '1', 'Ei20241204203754'),
	(67, '1', 'Op20241204203836'),
	(68, '1', '4S20241204203921'),
	(69, '1', 'pf20241204204013'),
	(70, '1', 'nO20241204204054'),
	(71, '1', 'M520241204204131'),
	(72, '1', '5J20241204204205'),
	(73, '1', 'jq20241204204248'),
	(74, '1', 'qo20241204204327'),
	(75, '1', 'p420241204204412'),
	(76, '1', 'mX20241204204450'),
	(77, '1', 'kR20241204204537'),
	(78, '1', 'FC20241204204603'),
	(79, '1', 'kx20241204204634'),
	(80, '1', '7v20241204204710'),
	(81, '1', 'N220241204204745'),
	(82, '1', '9120241204204824'),
	(83, '1', 'yH20241204204858'),
	(84, '1', 'nM20241204204930'),
	(85, '1', 'rt20241204205016'),
	(86, '1', 'P820241204205055'),
	(87, '1', 'wp20241204205140'),
	(88, '1', 'pF20241204205211');

-- Dumping structure for table baucutructuyen.ketquabaucu
CREATE TABLE IF NOT EXISTS `ketquabaucu` (
  `SoLuotBinhChon` int DEFAULT NULL,
  `ThoiDiemDangKy` datetime DEFAULT NULL,
  `TyLeBinhChon` float DEFAULT NULL,
  `ngayBD` datetime DEFAULT NULL,
  `ID_ucv` varchar(14) CHARACTER SET utf8mb4 COLLATE utf8mb4_general_ci DEFAULT NULL,
  `ID_Cap` smallint DEFAULT NULL,
  KEY `ID_Cap` (`ID_Cap`),
  KEY `ID_ucv` (`ID_ucv`),
  KEY `ngayBD` (`ngayBD`),
  KEY `idx_ketquabaucu_ngayBD` (`ngayBD`),
  KEY `idx_kq_ngayBD` (`ngayBD`),
  KEY `idx_kq_ID_ucv` (`ID_ucv`),
  CONSTRAINT `ketquabaucu_ibfk_1` FOREIGN KEY (`ID_Cap`) REFERENCES `danhmucungcu` (`ID_Cap`),
  CONSTRAINT `ketquabaucu_ibfk_ID_ucv` FOREIGN KEY (`ID_ucv`) REFERENCES `ungcuvien` (`ID_ucv`) ON DELETE CASCADE,
  CONSTRAINT `ketquabaucu_ibfk_ngayBD` FOREIGN KEY (`ngayBD`) REFERENCES `kybaucu` (`ngayBD`) ON DELETE CASCADE
) ENGINE=InnoDB DEFAULT CHARSET=utf8mb4 COLLATE=utf8mb4_general_ci;

-- Dumping data for table baucutructuyen.ketquabaucu: ~28 rows (approximately)
INSERT INTO `ketquabaucu` (`SoLuotBinhChon`, `ThoiDiemDangKy`, `TyLeBinhChon`, `ngayBD`, `ID_ucv`, `ID_Cap`) VALUES
	(6, '2024-11-28 11:23:16', 31.5789, '2024-11-30 06:56:56', '20241003000921', 12),
	(1, '2024-11-28 11:23:16', 5.26316, '2024-11-30 06:56:56', '20241012212410', 12),
	(4, '2024-11-28 11:23:17', 21.0526, '2024-11-30 06:56:56', '20241003002121', 12),
	(2, '2024-11-28 11:23:17', 10.5263, '2024-11-30 06:56:56', '20241003002930', 12),
	(3, '2024-11-28 11:23:17', 15.7895, '2024-11-30 06:56:56', '20241003003050', 12),
	(3, '2024-11-28 11:23:17', 15.7895, '2024-11-30 06:56:56', '20241003003142', 12),
	(0, '2024-11-28 11:23:38', 0, '2024-11-30 06:56:56', '20241017143409', 12),
	(1, '2024-11-28 11:24:13', 6.25, '2024-11-30 09:59:59', '20241017143409', 12),
	(2, '2024-11-28 11:24:13', 12.5, '2024-11-30 09:59:59', '20241012212410', 12),
	(1, '2024-11-28 11:24:13', 6.25, '2024-11-30 09:59:59', '20241003002121', 12),
	(4, '2024-11-28 11:24:13', 25, '2024-11-30 09:59:59', '20241003002930', 12),
	(3, '2024-11-28 11:24:13', 18.75, '2024-11-30 09:59:59', '20241003003050', 12),
	(3, '2024-11-28 11:24:13', 18.75, '2024-11-30 09:59:59', '20241003003142', 12),
	(2, '2024-11-28 11:24:13', 12.5, '2024-11-30 09:59:59', '20241114150058', 12),
	(0, '2024-12-01 19:44:51', 0, '2024-12-01 10:01:01', '20241017143409', 12),
	(0, '2024-12-01 19:44:53', 0, '2024-12-01 10:01:01', '20241012212410', 12),
	(0, '2024-12-01 19:44:53', 0, '2024-12-01 10:01:01', '20241003002121', 12),
	(0, '2024-12-01 19:44:53', 0, '2024-12-01 10:01:01', '20241003002930', 12),
	(0, '2024-12-01 19:44:53', 0, '2024-12-01 10:01:01', '20241003003050', 12),
	(0, '2024-12-01 19:44:53', 0, '2024-12-01 10:01:01', '20241003003142', 12),
	(16, '2024-12-05 11:28:45', 9.41177, '2024-12-06 11:27:38', '20241114150058', 13),
	(26, '2024-12-05 11:28:46', 15.2941, '2024-12-06 11:27:38', '20241012212410', 13),
	(39, '2024-12-05 11:28:46', 22.9412, '2024-12-06 11:27:38', '20241003002121', 13),
	(30, '2024-12-05 11:28:46', 17.6471, '2024-12-06 11:27:38', '20241003003142', 13),
	(11, '2024-12-05 11:28:46', 6.47059, '2024-12-06 11:27:38', '20241003000921', 13),
	(15, '2024-12-05 11:28:46', 8.82353, '2024-12-06 11:27:38', '20241017143409', 13),
	(20, '2024-12-05 11:28:46', 11.7647, '2024-12-06 11:27:38', '20241003002930', 13),
	(13, '2024-12-05 11:28:46', 7.64706, '2024-12-06 11:27:38', '20241017143132', 13);

-- Dumping structure for table baucutructuyen.khoa
CREATE TABLE IF NOT EXISTS `khoa` (
  `ID_Khoa` int NOT NULL AUTO_INCREMENT,
  `NgayTao` datetime DEFAULT NULL,
  `N` varchar(255) CHARACTER SET utf8mb4 COLLATE utf8mb4_general_ci DEFAULT NULL,
  `G` varchar(255) CHARACTER SET utf8mb4 COLLATE utf8mb4_general_ci DEFAULT NULL,
  `path_PK` varchar(255) CHARACTER SET utf8mb4 COLLATE utf8mb4_general_ci DEFAULT NULL,
  `ngayBD` datetime DEFAULT NULL,
  PRIMARY KEY (`ID_Khoa`),
  KEY `ngayBD` (`ngayBD`),
  CONSTRAINT `khoa_ibfk_ngayBD` FOREIGN KEY (`ngayBD`) REFERENCES `kybaucu` (`ngayBD`) ON DELETE CASCADE
) ENGINE=InnoDB AUTO_INCREMENT=41 DEFAULT CHARSET=utf8mb4 COLLATE=utf8mb4_general_ci;

-- Dumping data for table baucutructuyen.khoa: ~22 rows (approximately)
INSERT INTO `khoa` (`ID_Khoa`, `NgayTao`, `N`, `G`, `path_PK`, `ngayBD`) VALUES
	(32, '2024-11-28 10:54:49', '9999709202100427', '84911365534592389175358120626752', 'F:\\PrivateKey\\2024-11-28_10-54-49.txt', '2024-11-30 06:56:56'),
	(33, '2024-11-28 10:55:19', '9998754638079973', '64430841175185504984296922725308', 'F:\\PrivateKey\\2024-11-28_10-55-19.txt', '2024-11-30 07:57:57'),
	(34, '2024-11-28 11:00:17', '9998637037007041', '80621509075338875375973383343134', 'F:\\PrivateKey\\2024-11-28_11-00-17.txt', '2024-11-30 09:59:59'),
	(35, '2024-11-29 15:16:44', '9999066815202587', '81329837607181270631820016305966', 'F:\\PrivateKey\\2024-11-29_15-16-43.txt', '2024-11-29 03:15:31'),
	(37, '2024-12-01 18:34:14', '53977540351035534392924568273017', '1399159882797801067739861110324866879251968137699951704081329440', 'F:\\PrivateKey\\2024-12-01_18-34-14.txt', '2024-12-01 10:01:01'),
	(38, '2024-12-04 21:54:05', '118283566751714838989997640252427', '7281973674118950797253522438125985803561280922057321808879440660', 'F:\\PrivateKey\\2024-12-04_21-54-05.txt', '2024-12-05 00:53:22'),
	(40, '2024-12-05 11:28:09', '626795661797350613977560303670769', '194827947442821347462182359320034176713595542617030595095628620335', 'F:\\PrivateKey\\2024-12-05_11-28-09.txt', '2024-12-06 11:27:38');

-- Dumping structure for table baucutructuyen.kybaucu
CREATE TABLE IF NOT EXISTS `kybaucu` (
  `ngayBD` datetime NOT NULL DEFAULT CURRENT_TIMESTAMP,
  `ngayKT` datetime DEFAULT NULL,
  `NgayKT_UngCu` datetime DEFAULT NULL,
  `TenKyBauCu` varchar(50) CHARACTER SET utf8mb4 COLLATE utf8mb4_general_ci NOT NULL,
  `MoTa` varchar(255) CHARACTER SET utf8mb4 COLLATE utf8mb4_general_ci DEFAULT NULL,
  `SoLuongToiDaCuTri` int DEFAULT NULL,
  `SoLuongToiDaUngCuVien` int DEFAULT NULL,
  `SoLuotBinhChonToiDa` int DEFAULT NULL,
  `CongBo` varchar(1) CHARACTER SET utf8mb4 COLLATE utf8mb4_general_ci DEFAULT '0',
  `ID_Cap` smallint DEFAULT NULL,
  PRIMARY KEY (`ngayBD`),
  KEY `fk_ViTriTaiKyBauCu` (`ID_Cap`),
  KEY `idx_CongBo` (`CongBo`),
  KEY `idx_ngayKT` (`ngayKT`),
  CONSTRAINT `fk_ViTriTaiKyBauCu` FOREIGN KEY (`ID_Cap`) REFERENCES `danhmucungcu` (`ID_Cap`),
  CONSTRAINT `check_dates` CHECK ((`ngayKT` > `ngayBD`)),
  CONSTRAINT `Chk_kybaucu` CHECK ((`SoLuongToiDaCuTri` > `SoLuongToiDaUngCuVien`)),
  CONSTRAINT `Chk_kybaucuSoLuotBinhChon` CHECK ((`SoLuotBinhChonToiDa` < `SoLuongToiDaUngCuVien`))
) ENGINE=InnoDB DEFAULT CHARSET=utf8mb4 COLLATE=utf8mb4_general_ci;

-- Dumping data for table baucutructuyen.kybaucu: ~7 rows (approximately)
INSERT INTO `kybaucu` (`ngayBD`, `ngayKT`, `NgayKT_UngCu`, `TenKyBauCu`, `MoTa`, `SoLuongToiDaCuTri`, `SoLuongToiDaUngCuVien`, `SoLuotBinhChonToiDa`, `CongBo`, `ID_Cap`) VALUES
	('2024-11-29 03:15:31', '2024-11-30 15:15:37', '2024-12-04 15:16:43', 'Bầu cử thủ quỹ lớp KHMT A2', 'Diễn ra tại phòng 201', 70, 8, 7, '0', 12),
	('2024-11-30 06:56:56', '2024-12-09 06:56:56', '2024-12-03 10:54:49', 'Bầu cử ban chấp hành đoàn A1', 'Diễn ra tại phòng 217', 100, 7, 6, '1', 12),
	('2024-11-30 07:57:57', '2024-12-09 07:57:57', '2024-12-03 10:55:19', 'Bầu cử ban chấp hành đoàn A2', 'Diễn ra tại phòng 217', 100, 7, 6, '0', 12),
	('2024-11-30 09:59:59', '2024-12-09 07:57:57', '2024-12-03 11:00:17', 'Bầu cử Lớp trưởng KHMT A1', 'Diễn ra tại phòng 218', 100, 7, 6, '1', 12),
	('2024-12-01 10:01:01', '2024-12-09 07:57:57', '2024-12-06 18:34:14', 'Bầu cử Lớp phó KHMT A1', 'Diễn ra tại phòng 216', 100, 8, 7, '0', 12),
	('2024-12-05 00:53:22', '2024-12-06 00:53:32', '2024-12-09 21:54:05', 'Bầu cử bí thư', 'tại phòng 217', 100, 8, 7, '0', 12),
	('2024-12-06 11:27:38', '2024-12-07 11:27:42', '2024-12-10 11:28:09', 'Bầu cử bí thư chi bộ', 'Tại phòng 107', 70, 8, 7, '1', 13);

-- Dumping structure for table baucutructuyen.lichsudangnhap
CREATE TABLE IF NOT EXISTS `lichsudangnhap` (
  `ThoiDiem` datetime DEFAULT NULL,
  `DiaChiIP` varchar(30) CHARACTER SET utf8mb4 COLLATE utf8mb4_general_ci DEFAULT NULL,
  `TaiKhoan` varchar(30) CHARACTER SET utf8mb4 COLLATE utf8mb4_general_ci DEFAULT NULL,
  UNIQUE KEY `UNK_IDTaiKhoan` (`TaiKhoan`),
  KEY `TaiKhoan` (`TaiKhoan`),
  CONSTRAINT `lichsudangnhap_ibfk_TaiKhoan` FOREIGN KEY (`TaiKhoan`) REFERENCES `taikhoan` (`TaiKhoan`) ON DELETE CASCADE ON UPDATE CASCADE
) ENGINE=InnoDB DEFAULT CHARSET=utf8mb4 COLLATE=utf8mb4_general_ci;

-- Dumping data for table baucutructuyen.lichsudangnhap: ~60 rows (approximately)
INSERT INTO `lichsudangnhap` (`ThoiDiem`, `DiaChiIP`, `TaiKhoan`) VALUES
	('2024-12-05 13:35:45', '0.0.0.1', 'admin2'),
	('2024-10-25 22:04:56', '192.168.2.113', '098910005'),
	('2024-12-05 19:38:52', '192.168.1.21', '099999999'),
	('2024-12-05 14:06:04', '192.168.1.21', '0974000252'),
	('2024-12-05 15:24:43', '192.168.1.21', '0974000452'),
	('2024-12-05 13:50:44', '192.168.1.21', '0974000652'),
	('2024-12-05 13:55:41', '192.168.1.21', '0974000352'),
	('2024-12-05 13:47:03', '192.168.1.21', '0974000162'),
	('2024-11-29 09:57:28', '192.168.1.21', '0974000752'),
	('2024-12-05 16:34:36', '192.168.1.21', '0974000552'),
	('2024-11-25 21:10:24', '192.168.1.21', '040714015'),
	('2024-10-29 18:33:44', '192.168.2.113', '040714016'),
	('2024-10-29 19:16:02', '192.168.2.113', '040714018'),
	('2024-12-05 16:25:55', '192.168.1.21', '0974000755'),
	('2024-12-05 16:29:30', '192.168.1.21', '0947517952'),
	('2024-11-26 11:00:06', '10.13.130.208', '098940005'),
	('2024-12-05 19:10:43', '192.168.1.21', '088888888'),
	('2024-12-05 13:58:53', '192.168.1.21', '0974088888'),
	('2024-12-05 14:07:53', '192.168.1.21', '0974000793'),
	('2024-12-05 14:38:29', '192.168.1.21', '0974000780'),
	('2024-12-05 14:40:28', '192.168.1.21', '0974000768'),
	('2024-12-05 14:41:57', '192.168.1.21', '0974000771'),
	('2024-12-05 14:56:49', '192.168.1.21', '0974000784'),
	('2024-12-05 14:58:07', '192.168.1.21', '0974000769'),
	('2024-12-05 14:59:06', '192.168.1.21', '0974000799'),
	('2024-12-05 15:00:26', '192.168.1.21', '0974000781'),
	('2024-12-05 15:01:32', '192.168.1.21', '0974000788'),
	('2024-12-05 15:04:29', '192.168.1.21', '0974000790'),
	('2024-12-05 15:05:26', '192.168.1.21', '0974000782'),
	('2024-12-05 15:06:29', '192.168.1.21', '0974000797'),
	('2024-12-05 15:09:07', '192.168.1.21', '0974000798'),
	('2024-12-05 15:10:03', '192.168.1.21', '0974000766'),
	('2024-12-05 15:11:15', '192.168.1.21', '0974000795'),
	('2024-12-05 15:13:14', '192.168.1.21', '0974000787'),
	('2024-12-05 15:16:19', '192.168.1.21', '0974000792'),
	('2024-12-05 15:17:56', '192.168.1.21', '0974000794'),
	('2024-12-05 15:19:08', '192.168.1.21', '0974000767'),
	('2024-12-05 15:19:55', '192.168.1.21', '0974000796'),
	('2024-12-05 15:20:47', '192.168.1.21', '0974000791'),
	('2024-12-05 15:21:47', '192.168.1.21', '0974000786'),
	('2024-12-05 15:22:51', '192.168.1.21', '0974000785'),
	('2024-12-05 15:26:48', '192.168.1.21', '0974000779'),
	('2024-12-05 15:27:47', '192.168.1.21', '0974000783'),
	('2024-12-05 15:29:35', '192.168.1.21', '0974000770'),
	('2024-12-05 15:30:48', '192.168.1.21', '0974000789'),
	('2024-12-05 15:31:34', '192.168.1.21', '0974000777'),
	('2024-12-05 15:32:34', '192.168.1.21', '0974000773'),
	('2024-12-05 15:33:26', '192.168.1.21', '0974000776'),
	('2024-12-05 15:34:30', '192.168.1.21', '0974000772'),
	('2024-12-05 15:35:25', '192.168.1.21', '0974000778'),
	('2024-12-05 15:36:16', '192.168.1.21', '0974000775'),
	('2024-12-05 16:24:57', '192.168.1.21', '0974000759'),
	('2024-12-05 16:27:01', '192.168.1.21', '0974000762'),
	('2024-12-05 16:28:47', '192.168.1.21', '0974000764'),
	('2024-12-05 16:31:32', '192.168.1.21', '0974000761'),
	('2024-12-05 16:32:21', '192.168.1.21', '0974000758'),
	('2024-12-05 16:33:33', '192.168.1.21', '0974000765'),
	('2024-12-05 16:35:52', '192.168.1.21', '0974000763'),
	('2024-12-05 16:36:46', '192.168.1.21', '0974000757'),
	('2024-12-05 16:37:33', '192.168.1.21', '0974000760');

-- Dumping structure for table baucutructuyen.nguoidung
CREATE TABLE IF NOT EXISTS `nguoidung` (
  `ID_user` varchar(16) CHARACTER SET utf8mb4 COLLATE utf8mb4_general_ci NOT NULL,
  `HoTen` varchar(50) CHARACTER SET utf8mb4 COLLATE utf8mb4_general_ci DEFAULT NULL,
  `GioiTinh` varchar(1) CHARACTER SET utf8mb4 COLLATE utf8mb4_general_ci DEFAULT NULL,
  `NgaySinh` date DEFAULT NULL,
  `DiaChiLienLac` varchar(150) CHARACTER SET utf8mb4 COLLATE utf8mb4_general_ci DEFAULT NULL,
  `CCCD` varchar(12) CHARACTER SET utf8mb4 COLLATE utf8mb4_general_ci DEFAULT NULL,
  `Email` varchar(80) CHARACTER SET utf8mb4 COLLATE utf8mb4_general_ci DEFAULT NULL,
  `SDT` varchar(10) CHARACTER SET utf8mb4 COLLATE utf8mb4_general_ci DEFAULT NULL,
  `HinhAnh` varchar(255) CHARACTER SET utf8mb4 COLLATE utf8mb4_general_ci DEFAULT 'null',
  `PublicID` varchar(50) CHARACTER SET utf8mb4 COLLATE utf8mb4_general_ci DEFAULT 'null',
  `ID_DanToc` tinyint DEFAULT NULL,
  `RoleID` tinyint DEFAULT NULL,
  PRIMARY KEY (`ID_user`),
  UNIQUE KEY `CCCD` (`CCCD`),
  UNIQUE KEY `Email` (`Email`),
  UNIQUE KEY `SDT` (`SDT`),
  KEY `ID_DanToc` (`ID_DanToc`),
  KEY `fk_vaitronguoidung` (`RoleID`),
  KEY `idx_nguoidung_ID_user` (`ID_user`),
  KEY `idx_nd_ID_user` (`ID_user`),
  CONSTRAINT `fk_vaitronguoidung` FOREIGN KEY (`RoleID`) REFERENCES `vaitro` (`RoleID`),
  CONSTRAINT `nguoidung_ibfk_1` FOREIGN KEY (`ID_DanToc`) REFERENCES `dantoc` (`ID_DanToc`)
) ENGINE=InnoDB DEFAULT CHARSET=utf8mb4 COLLATE=utf8mb4_general_ci;

-- Dumping data for table baucutructuyen.nguoidung: ~72 rows (approximately)
INSERT INTO `nguoidung` (`ID_user`, `HoTen`, `GioiTinh`, `NgaySinh`, `DiaChiLienLac`, `CCCD`, `Email`, `SDT`, `HinhAnh`, `PublicID`, `ID_DanToc`, `RoleID`) VALUES
	('2K20241114150052', 'Phạm Huy Hoàng 5555', '1', '2024-10-21', 'Quận ninh kiều ,Thành phố cần thơ', NULL, 'phamhuyh0ang115@gmail.com', '0947888952', 'http://res.cloudinary.com/dkajnklq6/image/upload/v1732847707/NguoiDung/cqtzevgtuwvkrldtztvt.jpg', 'NguoiDung/cqtzevgtuwvkrldtztvt', 1, 2),
	('4S20241204203921', 'Lý GIa Khang', '1', '1995-10-29', '3/2, q.Ninh Kiều, tp.Cần Thơ', NULL, 'yogiy48481@luxyss.com', '0974000779', 'http://res.cloudinary.com/dkajnklq6/image/upload/v1733319561/NguoiDung/ueemevaajbuodzkzlxfd.jpg', 'NguoiDung/ueemevaajbuodzkzlxfd', 1, 5),
	('5520241012212400', 'Nguyễn Ứng Cử', '1', '2002-01-01', 'hẻm 69,3/2, q.Ninh Kiều, tp.Cần Thơ', '0170001053', 'nguyenungcuvien@gmail.com', '088888888', 'http://res.cloudinary.com/dkajnklq6/image/upload/v1732847815/NguoiDung/kp2hiauvacshcjfmnfmy.jpg', 'NguoiDung/kp2hiauvacshcjfmnfmy', 1, 2),
	('5J20241204204205', 'Lý Cao Minh', '1', '1995-10-29', '3/2, q.Ninh Kiều, tp.Cần Thơ', NULL, 'yogiy48482@luxyss.com', '0974000783', 'http://res.cloudinary.com/dkajnklq6/image/upload/v1733319725/NguoiDung/ctgbqiwl64kfl2lkm4fd.jpg', 'NguoiDung/ctgbqiwl64kfl2lkm4fd', 1, 5),
	('5v20241204201234', 'Lý Huy Hoàng', '1', '1995-10-29', '3/2, q.Ninh Kiều, tp.Cần Thơ', NULL, 'yogiy48476@luxyss.com', '0974000767', 'http://res.cloudinary.com/dkajnklq6/image/upload/v1733317954/NguoiDung/lvsz3j3zcmfhmpypkawe.jpg', 'NguoiDung/lvsz3j3zcmfhmpypkawe', 1, 5),
	('7H20241003002115', 'NguyenVanB', '1', '2002-01-01', 'hẻm 69,3/2, q.Ninh Kiều, tp.Cần Thơ', '0170000652', 'nguyenvanb@gmail.com', '040714008', 'http://res.cloudinary.com/dkajnklq6/image/upload/v1732847790/NguoiDung/ibsnu1zfb1ykfgvjqpfq.jpg', 'NguoiDung/ibsnu1zfb1ykfgvjqpfq', 1, 2),
	('7L20241025152412', 'PhamVanG', '1', '1999-01-01', 'q.Ninh Kiều, tp.Cần Thơ', NULL, 'sesoji9913@kimasoft.com', '098940005', 'http://res.cloudinary.com/dkajnklq6/image/upload/v1729844658/NguoiDung/jjqxglfizr2ou0cs0kru.jpg', 'NguoiDung/jjqxglfizr2ou0cs0kru', 1, 8),
	('7v20241204204710', 'Lý HOàng Sơn', '1', '1995-10-29', '3/2, q.Ninh Kiều, tp.Cần Thơ', NULL, 'yogiy48478@luxyss.com', '0974000791', 'http://res.cloudinary.com/dkajnklq6/image/upload/v1733320030/NguoiDung/otqbhrrutiaax4k4isx9.jpg', 'NguoiDung/otqbhrrutiaax4k4isx9', 1, 5),
	('9120241204204824', 'Lý Đức Trí', '1', '1995-10-29', '3/2, q.Ninh Kiều, tp.Cần Thơ', NULL, 'yogiy48458@luxyss.com', '0974000793', 'http://res.cloudinary.com/dkajnklq6/image/upload/v1733320103/NguoiDung/lydcni3gbj27n1bhjqjt.jpg', 'NguoiDung/lydcni3gbj27n1bhjqjt', 1, 5),
	('bp20241109134555', 'Trần Vĩnh Tiến', '0', '2003-06-12', 'tp Bạc Liêu', NULL, 'yogiy48456@luxyss.com', '0974088888', 'http://res.cloudinary.com/dkajnklq6/image/upload/v1732868468/NguoiDung/n47wb0g8cuujg8uv6dv4.jpg', 'NguoiDung/n47wb0g8cuujg8uv6dv4', 14, 8),
	('Do20241003003139', 'NguyenVanE', '1', '2002-01-01', 'hẻm 69,3/2, q.Ninh Kiều, tp.Cần Thơ', '0170000952', 'nguyenvane@gmail.com', '040714011', 'http://res.cloudinary.com/dkajnklq6/image/upload/v1732847735/NguoiDung/anlkuraaiwggtl6hhyly.jpg', 'NguoiDung/anlkuraaiwggtl6hhyly', 1, 2),
	('Dp20241025153713', 'PhamVanE', '1', '1999-01-01', 'q.Ninh Kiều, tp.Cần Thơ', NULL, 'phamvane@ctu.edu.vn', '098920005', 'http://res.cloudinary.com/dkajnklq6/image/upload/v1729845440/NguoiDung/axuxnvasmnaurocimz2j.jpg', 'NguoiDung/axuxnvasmnaurocimz2j', 1, 8),
	('Ds20241003000915', 'NguyenVanA', '1', '2002-01-01', 'hẻm 69,3/2, q.Ninh Kiều, tp.Cần Thơ', '0170000552', 'nguyenvana@gmail.com', '040714007', 'http://res.cloudinary.com/dkajnklq6/image/upload/v1732847803/NguoiDung/trjspzbnnvxzxaxtsvfn.jpg', 'NguoiDung/trjspzbnnvxzxaxtsvfn', 1, 2),
	('Dz20241017143406', 'TranVanD', '1', '2002-01-01', 'hẻm 69,3/2, q.Ninh Kiều, tp.Cần Thơ', '0170001058', 'liyor6okey@aleitar.com', '040714018', 'http://res.cloudinary.com/dkajnklq6/image/upload/v1732846795/NguoiDung/axbehtmqevzoxtrqhgmt.jpg', 'NguoiDung/axbehtmqevzoxtrqhgmt', 1, 2),
	('Ei20241204203754', 'Lý  Việt Hoàng', '1', '1995-10-29', '3/2, q.Ninh Kiều, tp.Cần Thơ', NULL, 'yogiy48485@luxyss.com', '0974000777', 'http://res.cloudinary.com/dkajnklq6/image/upload/v1733319474/NguoiDung/zfkbkitrakhnkq98fert.jpg', 'NguoiDung/zfkbkitrakhnkq98fert', 1, 5),
	('FC20241204204603', 'Lý Anh Quân', '1', '1995-10-29', '3/2, q.Ninh Kiều, tp.Cần Thơ', NULL, 'yogiy48484@luxyss.com', '0974000789', 'http://res.cloudinary.com/dkajnklq6/image/upload/v1733319963/NguoiDung/kdqg73hqidltub53zviw.jpg', 'NguoiDung/kdqg73hqidltub53zviw', 1, 5),
	('Gu20241003002922', 'NguyenVanC', '1', '2002-01-01', 'hẻm 69,3/2, q.Ninh Kiều, tp.Cần Thơ', '0170000752', 'nguyenvanc@gmail.com', '040714009', 'http://res.cloudinary.com/dkajnklq6/image/upload/v1732847778/NguoiDung/lqadahdadfh4z9gn6aec.jpg', 'NguoiDung/lqadahdadfh4z9gn6aec', 1, 2),
	('Hi20241204200433', 'Châu Đăng Khoa', '1', '1995-10-29', '3/2, q.Ninh Kiều, tp.Cần Thơ', NULL, 'cokaj34817@luxyss.com', '0974000759', 'http://res.cloudinary.com/dkajnklq6/image/upload/v1733317473/NguoiDung/bkzmo589verzhcgsgh6r.jpg', 'NguoiDung/bkzmo589verzhcgsgh6r', 1, 5),
	('i420240919200017', 'Châu Gia Minh', '1', '2024-10-29', '3/2, q.Ninh Kiều, tp.Cần Thơ', '123456789', 'cokaj34825@luxyss.com', '0974000552', 'http://res.cloudinary.com/dkajnklq6/image/upload/v1732846750/NguoiDung/kig57yol61q6uv7xd9q9.jpg', 'NguoiDung/kig57yol61q6uv7xd9q9', 1, 5),
	('Ie20241204201612', 'Lý Tuấn Anh', '1', '1995-10-29', '3/2, q.Ninh Kiều, tp.Cần Thơ', NULL, 'yogiy48461@luxyss.com', '0974000771', 'http://res.cloudinary.com/dkajnklq6/image/upload/v1733318172/NguoiDung/e8yjj0b85caxsxwu3mrx.jpg', 'NguoiDung/e8yjj0b85caxsxwu3mrx', 1, 5),
	('in20241025153445', 'PhamVanF', '1', '1999-01-01', 'q.Ninh Kiều, tp.Cần Thơ', NULL, 'phamvanf@ctu.edu.vn', '098930005', 'http://res.cloudinary.com/dkajnklq6/image/upload/v1729845293/NguoiDung/a6wiydsmwefoojijtp05.jpg', 'NguoiDung/a6wiydsmwefoojijtp05', 1, 8),
	('iZ20240919194839', 'Võ Hoàng Tuấn Đạt ', '1', '2002-10-29', ' tp.Cà Mau', NULL, 'bao01239267068@gmail.com', '0974000162', 'http://res.cloudinary.com/dkajnklq6/image/upload/v1732846585/NguoiDung/rq3vpwg0sphb1zxlkrg2.jpg', 'NguoiDung/rq3vpwg0sphb1zxlkrg2', 1, 5),
	('J820241109142300', 'Trần Vĩnh2', '1', '2024-10-29', '3/2, q.Ninh Kiều, tp.Cần Thơ', NULL, 'hanagaming5@gmail.com', '0974000754', 'http://res.cloudinary.com/dkajnklq6/image/upload/v1732868424/NguoiDung/aq6bc8tsaqykgbdfopgk.jpg', 'NguoiDung/aq6bc8tsaqykgbdfopgk', 1, 5),
	('Je20241204203451', 'Lý  Thanh Bình', '1', '1995-10-29', '3/2, q.Ninh Kiều, tp.Cần Thơ', NULL, 'yogiy48486@luxyss.com', '0974000773', 'http://res.cloudinary.com/dkajnklq6/image/upload/v1733319291/NguoiDung/f9sunrvk304bf5ix9zxr.jpg', 'NguoiDung/f9sunrvk304bf5ix9zxr', 1, 5),
	('jp20240930165451', 'Hồ Minh Trường', '1', '2024-10-29', '3/2, q.Ninh Kiều, tp.Cần Thơ', NULL, 'baopg05102002@gmail.com', '0974000652', 'http://res.cloudinary.com/dkajnklq6/image/upload/v1732846698/NguoiDung/jktadytk4evnkibffsyw.jpg', 'NguoiDung/jktadytk4evnkibffsyw', 1, 5),
	('jq20241204204248', 'Lý Trương Minh', '1', '1995-10-29', '3/2, q.Ninh Kiều, tp.Cần Thơ', NULL, 'yogiy48462@luxyss.com', '0974000784', 'http://res.cloudinary.com/dkajnklq6/image/upload/v1733319768/NguoiDung/vw0hzazhsusiwm63y11v.jpg', 'NguoiDung/vw0hzazhsusiwm63y11v', 1, 5),
	('KA20241204201526', 'Lý Bảo Kiên', '1', '1995-10-29', '3/2, q.Ninh Kiều, tp.Cần Thơ', NULL, 'yogiy48483@luxyss.com', '0974000770', 'http://res.cloudinary.com/dkajnklq6/image/upload/v1733318126/NguoiDung/n4op5z8of6bbfiypyk1j.jpg', 'NguoiDung/n4op5z8of6bbfiypyk1j', 1, 5),
	('kR20241204204537', 'Lý Tấn Phát', '1', '1995-10-29', '3/2, q.Ninh Kiều, tp.Cần Thơ', NULL, 'yogiy48466@luxyss.com', '0974000788', 'http://res.cloudinary.com/dkajnklq6/image/upload/v1733319937/NguoiDung/kiqzhdwbs5cpsyz59g4v.jpg', 'NguoiDung/kiqzhdwbs5cpsyz59g4v', 1, 5),
	('kx20241204204634', 'Lý Quang', '1', '1995-10-29', '3/2, q.Ninh Kiều, tp.Cần Thơ', NULL, 'yogiy48467@luxyss.com', '0974000790', 'http://res.cloudinary.com/dkajnklq6/image/upload/v1733319994/NguoiDung/auvugidphorgusj9upb7.jpg', 'NguoiDung/auvugidphorgusj9upb7', 1, 5),
	('ln20241204200329', 'Châu Hoàng phúc', '1', '1995-10-29', '3/2, q.Ninh Kiều, tp.Cần Thơ', NULL, 'cokaj34823@luxyss.com', '0974000758', 'http://res.cloudinary.com/dkajnklq6/image/upload/v1733317409/NguoiDung/y5affbx2zyt0tyyv4xpt.jpg', 'NguoiDung/y5affbx2zyt0tyyv4xpt', 1, 5),
	('M520241204204131', 'Lý Phúc Lâm', '1', '1995-10-29', '3/2, q.Ninh Kiều, tp.Cần Thơ', NULL, 'yogiy48468@luxyss.com', '0974000782', 'http://res.cloudinary.com/dkajnklq6/image/upload/v1733319690/NguoiDung/pmi2xyo43chyhwdgmdkh.jpg', 'NguoiDung/pmi2xyo43chyhwdgmdkh', 1, 5),
	('M720241204200522', 'Châu Anh Tuấn', '1', '1995-10-29', '3/2, q.Ninh Kiều, tp.Cần Thơ', NULL, 'cokaj34816@luxyss.com', '0974000760', 'http://res.cloudinary.com/dkajnklq6/image/upload/v1733317524/NguoiDung/jgqti4sjq2sz3uvm0sva.jpg', 'NguoiDung/jgqti4sjq2sz3uvm0sva', 1, 5),
	('ME20241017143125', 'TranVanA', '1', '2002-01-01', 'hẻm 69,3/2, q.Ninh Kiều, tp.Cần Thơ', '0170001055', 'fipik40811@cashbn.com', '040714015', 'http://res.cloudinary.com/dkajnklq6/image/upload/v1732847666/NguoiDung/sktgdyjqw7pqj5uwwcu8.jpg', 'NguoiDung/sktgdyjqw7pqj5uwwcu8', 1, 2),
	('mX20241204204450', 'Lý Minh Phong', '1', '1995-10-29', '3/2, q.Ninh Kiều, tp.Cần Thơ', NULL, 'yogiy48473@luxyss.com', '0974000787', 'http://res.cloudinary.com/dkajnklq6/image/upload/v1733319890/NguoiDung/axazieukkso4el7kflr1.jpg', 'NguoiDung/axazieukkso4el7kflr1', 1, 5),
	('N220241204204745', 'Lý Lạc Thiên', '1', '1995-10-29', '3/2, q.Ninh Kiều, tp.Cần Thơ', NULL, 'yogiy48474@luxyss.com', '0974000792', 'http://res.cloudinary.com/dkajnklq6/image/upload/v1733320064/NguoiDung/axsirlrio77i9kddn1jz.jpg', 'NguoiDung/axsirlrio77i9kddn1jz', 1, 5),
	('nM20241204204930', 'Lý Minh Viễn', '1', '1995-10-29', '3/2, q.Ninh Kiều, tp.Cần Thơ', NULL, 'yogiy48472@luxyss.com', '0974000795', 'http://res.cloudinary.com/dkajnklq6/image/upload/v1733320170/NguoiDung/sanfrxovepnuy9dbmrdp.jpg', 'NguoiDung/sanfrxovepnuy9dbmrdp', 1, 5),
	('nO20241204204054', 'Lý Thanh Liêm', '1', '1995-10-29', '3/2, q.Ninh Kiều, tp.Cần Thơ', NULL, 'yogiy48465@luxyss.com', '0974000781', 'http://res.cloudinary.com/dkajnklq6/image/upload/v1733319654/NguoiDung/db3xb1uklsmmjntoskip.jpg', 'NguoiDung/db3xb1uklsmmjntoskip', 1, 5),
	('Nw20241204200910', 'Châu Hoàng Anh', '1', '1995-10-29', '3/2, q.Ninh Kiều, tp.Cần Thơ', NULL, 'cokaj34824@luxyss.com', '0974000765', 'http://res.cloudinary.com/dkajnklq6/image/upload/v1733317750/NguoiDung/ozyjbn1fvwvhy1knekfg.jpg', 'NguoiDung/ozyjbn1fvwvhy1knekfg', 1, 5),
	('oC20241204200602', 'Châu Minh Huy', '1', '1995-10-29', '3/2, q.Ninh Kiều, tp.Cần Thơ', NULL, 'cokaj34822@luxyss.com', '0974000761', 'http://res.cloudinary.com/dkajnklq6/image/upload/v1733317563/NguoiDung/n0zl9h5d7rm4lnlyanz8.jpg', 'NguoiDung/n0zl9h5d7rm4lnlyanz8', 1, 5),
	('ON20241204200739', 'Châu Gia Huy', '1', '1995-10-29', '3/2, q.Ninh Kiều, tp.Cần Thơ', NULL, 'cokaj34826@luxyss.com', '0974000763', 'http://res.cloudinary.com/dkajnklq6/image/upload/v1733317658/NguoiDung/uvxneronlszsif7j7gdl.jpg', 'NguoiDung/uvxneronlszsif7j7gdl', 1, 5),
	('Op20241204203836', 'Lý  Duy Khánh', '1', '1995-10-29', '3/2, q.Ninh Kiều, tp.Cần Thơ', NULL, 'yogiy48489@luxyss.com', '0974000778', 'http://res.cloudinary.com/dkajnklq6/image/upload/v1733319516/NguoiDung/dzcdgitwri4kyyf94wcz.jpg', 'NguoiDung/dzcdgitwri4kyyf94wcz', 1, 5),
	('p420241204204412', 'Lý Hoài Nam', '1', '1995-10-29', '3/2, q.Ninh Kiều, tp.Cần Thơ', NULL, 'yogiy48479@luxyss.com', '0974000786', 'http://res.cloudinary.com/dkajnklq6/image/upload/v1733319852/NguoiDung/mt8uala3e5p5oqpzrt2f.jpg', 'NguoiDung/mt8uala3e5p5oqpzrt2f', 1, 5),
	('P820241204201337', 'Lý Đăng Khoa', '1', '1995-10-29', '3/2, q.Ninh Kiều, tp.Cần Thơ', NULL, 'yogiy48460@luxyss.com', '0974000768', 'http://res.cloudinary.com/dkajnklq6/image/upload/v1733318017/NguoiDung/cqe0pbtz9youyfzarpos.jpg', 'NguoiDung/cqe0pbtz9youyfzarpos', 1, 5),
	('P820241204205055', 'Lý Phúc Hữu Thiện', '1', '1995-10-29', '3/2, q.Ninh Kiều, tp.Cần Thơ', NULL, 'yogiy48469@luxyss.com', '0974000797', 'http://res.cloudinary.com/dkajnklq6/image/upload/v1733320255/NguoiDung/smvaf79qxy6m3mxtcncm.jpg', 'NguoiDung/smvaf79qxy6m3mxtcncm', 1, 5),
	('Pe20240916221033', 'Lê Hữu Đức', '1', '2024-10-29', '3/2, q.Ninh Kiều, tp.Cần Thơ', '000322327445', 'baophamgia2002@gmail.com', '0974000352', 'http://res.cloudinary.com/dkajnklq6/image/upload/v1732846681/NguoiDung/iqzt9nd1wo4n3qkojjwc.jpg', 'NguoiDung/iqzt9nd1wo4n3qkojjwc', 1, 5),
	('pf20241109234113', 'Châu Phi Hùng', '1', '2024-11-01', 'Quận ninh kiều ,Thành phố cần thơ', NULL, 'cokaj34821@luxyss.com', '0947517952', 'http://res.cloudinary.com/dkajnklq6/image/upload/v1732846735/NguoiDung/gul2jn2xlx0svg7cehwo.jpg', 'NguoiDung/gul2jn2xlx0svg7cehwo', 1, 5),
	('pf20241204204013', 'Lý Đăng Khôi', '1', '1995-10-29', '3/2, q.Ninh Kiều, tp.Cần Thơ', NULL, 'yogiy48459@luxyss.com', '0974000780', 'http://res.cloudinary.com/dkajnklq6/image/upload/v1733319613/NguoiDung/qlyrkojhrtwqg8cv6ixn.jpg', 'NguoiDung/qlyrkojhrtwqg8cv6ixn', 1, 5),
	('pF20241204205211', 'Lý Thanh Đức Toàn', '1', '1995-10-29', '3/2, q.Ninh Kiều, tp.Cần Thơ', NULL, 'yogiy48464@luxyss.com', '0974000799', 'http://res.cloudinary.com/dkajnklq6/image/upload/v1733320331/NguoiDung/hfpiknxhwhh3udjmg7su.jpg', 'NguoiDung/hfpiknxhwhh3udjmg7su', 1, 5),
	('ps20241109221931', 'Châu Tiểu Long', '1', '2024-10-29', '3/2, q.Ninh Kiều, tp.Cần Thơ', NULL, 'cokaj34818@luxyss.com', '0974000755', 'http://res.cloudinary.com/dkajnklq6/image/upload/v1732846720/NguoiDung/bmarznzh1olc81azwime.jpg', 'NguoiDung/bmarznzh1olc81azwime', 1, 5),
	('Pv20241025151431', 'PhanCanBo', '1', '1999-01-01', 'q.Ninh Kiều, tp.Cần Thơ', NULL, 'nguyencanbo24@gmail.com', '099999999', 'http://res.cloudinary.com/dkajnklq6/image/upload/v1729844076/NguoiDung/qfyf9uwti3adcqptxg6d.jpg', 'NguoiDung/qfyf9uwti3adcqptxg6d', 1, 8),
	('Q520241204203624', 'Lý  Chí Công', '1', '1995-10-29', '3/2, q.Ninh Kiều, tp.Cần Thơ', NULL, 'yogiy48455@luxyss.com', '0974000775', 'http://res.cloudinary.com/dkajnklq6/image/upload/v1733319389/NguoiDung/mzksh2m0lfx49tsxy8li.jpg', 'NguoiDung/mzksh2m0lfx49tsxy8li', 1, 5),
	('Qa20241204200238', 'Châu Gia Bảo', '1', '1995-10-29', '3/2, q.Ninh Kiều, tp.Cần Thơ', NULL, 'cokaj34827@luxyss.com', '0974000757', 'http://res.cloudinary.com/dkajnklq6/image/upload/v1733317359/NguoiDung/o3d4pkjddzckayihelnu.jpg', 'NguoiDung/o3d4pkjddzckayihelnu', 1, 5),
	('qo20241204204327', 'Lý Hoài Nam', '1', '1995-10-29', '3/2, q.Ninh Kiều, tp.Cần Thơ', NULL, 'yogiy48480@luxyss.com', '0974000785', 'http://res.cloudinary.com/dkajnklq6/image/upload/v1733319806/NguoiDung/dzevur3w2a9auksctfyw.jpg', 'NguoiDung/dzevur3w2a9auksctfyw', 1, 5),
	('RM20241003003046', 'NguyenVanD', '1', '2002-01-01', 'hẻm 69,3/2, q.Ninh Kiều, tp.Cần Thơ', '0170000852', 'nguyenvand@gmail.com', '040714010', 'http://res.cloudinary.com/dkajnklq6/image/upload/v1732847747/NguoiDung/yjzdwvy1chgznvynybwv.jpg', 'NguoiDung/yjzdwvy1chgznvynybwv', 1, 2),
	('rt20241204205016', 'Lý Hoàng Uy Vũ', '1', '1995-10-29', '3/2, q.Ninh Kiều, tp.Cần Thơ', NULL, 'yogiy48477@luxyss.com', '0974000796', 'http://res.cloudinary.com/dkajnklq6/image/upload/v1733320216/NguoiDung/bexs43oz52acwgayetxi.jpg', 'NguoiDung/bexs43oz52acwgayetxi', 1, 5),
	('rw20241025153937', 'PhamVanD', '1', '1999-01-01', 'q.Ninh Kiều, tp.Cần Thơ', NULL, 'rad12162@inohm.com', '098910005', 'http://res.cloudinary.com/dkajnklq6/image/upload/v1729845582/NguoiDung/hvqbyz73wrultd40uy9c.jpg', 'NguoiDung/hvqbyz73wrultd40uy9c', 1, 8),
	('rY20240918210506', 'Đỗ Thánh', '1', '2002-10-19', 'Q.Ninh Kiều, tp.Càn Thơ', '10000000008', 'pgbaop4@gmail.com', 'admin2', 'http://res.cloudinary.com/dkajnklq6/image/upload/v1726668312/NguoiDung/whyuizgynfpg63zrogdp.jpg', 'NguoiDung/whyuizgynfpg63zrogdp', 1, 1),
	('rZ20241204200833', 'Châu Thành Nhân', '1', '1995-10-29', '3/2, q.Ninh Kiều, tp.Cần Thơ', NULL, 'cokaj34820@luxyss.com', '0974000764', 'http://res.cloudinary.com/dkajnklq6/image/upload/v1733317713/NguoiDung/paujrv8llopijq9oe0pr.jpg', 'NguoiDung/paujrv8llopijq9oe0pr', 1, 5),
	('sT20240916220819', 'Lý Gia Nguyên', '1', '2024-10-29', '3/2, q.Ninh Kiều, tp.Cần Thơ', '000422327445', 'pgiabao2002@gmail.com', '0974000452', 'http://res.cloudinary.com/dkajnklq6/image/upload/v1732846646/NguoiDung/aod1tpilh8jzcgopcyml.jpg', 'NguoiDung/aod1tpilh8jzcgopcyml', 1, 5),
	('sX20241017143325', 'TranVanC', '1', '2002-01-01', 'hẻm 69,3/2, q.Ninh Kiều, tp.Cần Thơ', '0170001057', 'tranvanc@gmail.com', '040714017', 'http://res.cloudinary.com/dkajnklq6/image/upload/v1732847634/NguoiDung/vt4isbv4kcjmzf19lfyh.jpg', 'NguoiDung/vt4isbv4kcjmzf19lfyh', 1, 2),
	('TC20241017143443', 'TranVanE', '1', '2002-01-01', 'hẻm 69,3/2, q.Ninh Kiều, tp.Cần Thơ', '0170001059', 'tranvane@gmail.com', '040714019', 'http://res.cloudinary.com/dkajnklq6/image/upload/v1732846782/NguoiDung/dazwhbrdgsqqaxyer8z2.jpg', 'NguoiDung/dazwhbrdgsqqaxyer8z2', 1, 2),
	('tY20241204201144', 'Lý Minh Đức', '1', '1995-10-29', '3/2, q.Ninh Kiều, tp.Cần Thơ', NULL, 'yogiy48471@luxyss.com', '0974000766', 'http://res.cloudinary.com/dkajnklq6/image/upload/v1733317905/NguoiDung/w9phkf3rfilntjejalgf.jpg', 'NguoiDung/w9phkf3rfilntjejalgf', 1, 5),
	('uB20240930165759', 'Lê Quang Minh', '1', '2024-10-17', '3/2, q.Ninh Kiều, tp.Cần Thơ', NULL, 'baob2016947@student.ctu.edu.vn', '0974000752', 'http://res.cloudinary.com/dkajnklq6/image/upload/v1732846546/NguoiDung/ixyoya51kq1lthwadl0t.jpg', 'NguoiDung/ixyoya51kq1lthwadl0t', 1, 5),
	('ui20241017143233', 'TranVanB', '1', '2002-01-01', 'hẻm 69,3/2, q.Ninh Kiều, tp.Cần Thơ', '0170001056', 'liyor63542@aleitar.com', '040714016', 'http://res.cloudinary.com/dkajnklq6/image/upload/v1732847651/NguoiDung/zvsdt3d9ttoa50uiya2s.jpg', 'NguoiDung/zvsdt3d9ttoa50uiya2s', 1, 2),
	('uO20241012212509', 'NguyenVanT', '1', '2002-01-01', 'hẻm 69,3/2, q.Ninh Kiều, tp.Cần Thơ', '0170001054', 'nguyenvant@gmail.com', '040714014', 'http://res.cloudinary.com/dkajnklq6/image/upload/v1732847719/NguoiDung/ybop62rhpxngbncv2wxv.jpg', 'NguoiDung/ybop62rhpxngbncv2wxv', 1, 2),
	('uu20241204203410', 'Lý  Minh Anh', '1', '1995-10-29', '3/2, q.Ninh Kiều, tp.Cần Thơ', NULL, 'yogiy48488@luxyss.com', '0974000772', 'http://res.cloudinary.com/dkajnklq6/image/upload/v1733319251/NguoiDung/zksc5ejhrivyf9hrvrnm.jpg', 'NguoiDung/zksc5ejhrivyf9hrvrnm', 1, 5),
	('W120241204200650', 'Châu Thành Đạt', '1', '1995-10-29', '3/2, q.Ninh Kiều, tp.Cần Thơ', NULL, 'cokaj34819@luxyss.com', '0974000762', 'http://res.cloudinary.com/dkajnklq6/image/upload/v1733317610/NguoiDung/cuhflwccvkuwttfh1au0.jpg', 'NguoiDung/cuhflwccvkuwttfh1au0', 1, 5),
	('wp20241204205140', 'Lý Nhật Quang Vinh', '1', '1995-10-29', '3/2, q.Ninh Kiều, tp.Cần Thơ', NULL, 'yogiy48470@luxyss.com', '0974000798', 'http://res.cloudinary.com/dkajnklq6/image/upload/v1733320300/NguoiDung/oiasydqzjbz1f8gwfbz7.jpg', 'NguoiDung/oiasydqzjbz1f8gwfbz7', 1, 5),
	('xG20241204203716', 'Lý  Minh Hải', '1', '1995-10-29', '3/2, q.Ninh Kiều, tp.Cần Thơ', NULL, 'yogiy48487@luxyss.com', '0974000776', 'http://res.cloudinary.com/dkajnklq6/image/upload/v1733319436/NguoiDung/m6izgy9j7p831z1kiqso.jpg', 'NguoiDung/m6izgy9j7p831z1kiqso', 1, 5),
	('yH20241204204858', 'Lý Kiến Văn', '1', '1995-10-29', '3/2, q.Ninh Kiều, tp.Cần Thơ', NULL, 'yogiy48475@luxyss.com', '0974000794', 'http://res.cloudinary.com/dkajnklq6/image/upload/v1733320138/NguoiDung/g5sn017z0jtwa7fkxy5s.jpg', 'NguoiDung/g5sn017z0jtwa7fkxy5s', 1, 5),
	('Zh20240916232125', 'Phạm Thế HIển', '1', '2024-10-29', '3/2, q.Ninh Kiều, tp.Cần Thơ', '000122327445', 'yogiy48457@luxyss.com', '0974000252', 'http://res.cloudinary.com/dkajnklq6/image/upload/v1732846617/NguoiDung/suzi6punskkscsshwrgj.jpg', 'NguoiDung/suzi6punskkscsshwrgj', 1, 5),
	('zk20241204201435', 'Lý Trường An', '1', '1995-10-29', '3/2, q.Ninh Kiều, tp.Cần Thơ', NULL, 'yogiy48463@luxyss.com', '0974000769', 'http://res.cloudinary.com/dkajnklq6/image/upload/v1733318075/NguoiDung/xqs7d9tywleoizdccryi.jpg', 'NguoiDung/xqs7d9tywleoizdccryi', 1, 5);

-- Dumping structure for table baucutructuyen.phanhoicanbo
CREATE TABLE IF NOT EXISTS `phanhoicanbo` (
  `YKien` varchar(255) CHARACTER SET utf8mb4 COLLATE utf8mb4_general_ci DEFAULT NULL,
  `ThoiDiem` datetime DEFAULT NULL,
  `ID_CanBo` varchar(14) CHARACTER SET utf8mb4 COLLATE utf8mb4_general_ci DEFAULT NULL,
  KEY `ID_CanBo` (`ID_CanBo`),
  CONSTRAINT `phanhoicanbo_ibfk_ID_CanBo` FOREIGN KEY (`ID_CanBo`) REFERENCES `canbo` (`ID_CanBo`) ON DELETE CASCADE
) ENGINE=InnoDB DEFAULT CHARSET=utf8mb4 COLLATE=utf8mb4_general_ci;

-- Dumping data for table baucutructuyen.phanhoicanbo: ~0 rows (approximately)

-- Dumping structure for table baucutructuyen.phanhoicuocbaucu
CREATE TABLE IF NOT EXISTS `phanhoicuocbaucu` (
  `ThoiDiem` datetime(3) DEFAULT CURRENT_TIMESTAMP(3),
  `NoiDung` varchar(255) NOT NULL,
  `ID_CuTri` varchar(14) CHARACTER SET utf8mb4 COLLATE utf8mb4_general_ci DEFAULT NULL,
  `ngayBD` datetime DEFAULT NULL,
  UNIQUE KEY `ThoiDiem` (`ThoiDiem`),
  KEY `ID_CuTri` (`ID_CuTri`),
  KEY `ngayBD` (`ngayBD`),
  CONSTRAINT `phanhoicuocbaucu_ibfk_1` FOREIGN KEY (`ID_CuTri`) REFERENCES `cutri` (`ID_CuTri`) ON DELETE CASCADE,
  CONSTRAINT `phanhoicuocbaucu_ibfk_2` FOREIGN KEY (`ngayBD`) REFERENCES `kybaucu` (`ngayBD`) ON DELETE CASCADE
) ENGINE=InnoDB DEFAULT CHARSET=utf8mb4 COLLATE=utf8mb4_0900_ai_ci;

-- Dumping data for table baucutructuyen.phanhoicuocbaucu: ~0 rows (approximately)

-- Dumping structure for table baucutructuyen.phanhoicutri
CREATE TABLE IF NOT EXISTS `phanhoicutri` (
  `Ykien` varchar(255) CHARACTER SET utf8mb4 COLLATE utf8mb4_general_ci DEFAULT NULL,
  `ThoiDiem` datetime DEFAULT NULL,
  `ID_CuTri` varchar(14) CHARACTER SET utf8mb4 COLLATE utf8mb4_general_ci DEFAULT NULL,
  KEY `ID_CuTri` (`ID_CuTri`),
  CONSTRAINT `phanhoicutri_ibfk_ID_CuTri` FOREIGN KEY (`ID_CuTri`) REFERENCES `cutri` (`ID_CuTri`) ON DELETE CASCADE
) ENGINE=InnoDB DEFAULT CHARSET=utf8mb4 COLLATE=utf8mb4_general_ci;

-- Dumping data for table baucutructuyen.phanhoicutri: ~2 rows (approximately)
INSERT INTO `phanhoicutri` (`Ykien`, `ThoiDiem`, `ID_CuTri`) VALUES
	('Cần mở rộng thêm', '2024-10-11 00:00:00', '20240930165802'),
	('cần cải thiện giao diện', '2024-10-12 00:00:00', '20240930165802');

-- Dumping structure for table baucutructuyen.phanhoiungcuvien
CREATE TABLE IF NOT EXISTS `phanhoiungcuvien` (
  `Ykien` varchar(255) CHARACTER SET utf8mb4 COLLATE utf8mb4_general_ci DEFAULT NULL,
  `ThoiDiem` datetime DEFAULT NULL,
  `ID_ucv` varchar(14) CHARACTER SET utf8mb4 COLLATE utf8mb4_general_ci DEFAULT NULL,
  KEY `ID_ucv` (`ID_ucv`),
  CONSTRAINT `phanhoiungcuvien_ibfk_ID_ucv` FOREIGN KEY (`ID_ucv`) REFERENCES `ungcuvien` (`ID_ucv`) ON DELETE CASCADE
) ENGINE=InnoDB DEFAULT CHARSET=utf8mb4 COLLATE=utf8mb4_general_ci;

-- Dumping data for table baucutructuyen.phanhoiungcuvien: ~0 rows (approximately)

-- Dumping structure for table baucutructuyen.phieubau
CREATE TABLE IF NOT EXISTS `phieubau` (
  `ID_Phieu` varchar(18) CHARACTER SET utf8mb4 COLLATE utf8mb4_general_ci NOT NULL,
  `GiaTriPhieuBau` varchar(255) COLLATE utf8mb4_general_ci DEFAULT NULL,
  `ngayBD` datetime DEFAULT NULL,
  `ID_cap` smallint DEFAULT NULL,
  PRIMARY KEY (`ID_Phieu`),
  KEY `ngayBD` (`ngayBD`),
  KEY `FK_DMUC_Phieu` (`ID_cap`),
  CONSTRAINT `FK_DMUC_Phieu` FOREIGN KEY (`ID_cap`) REFERENCES `danhmucungcu` (`ID_Cap`),
  CONSTRAINT `phieubau_ibfk_ngayBD` FOREIGN KEY (`ngayBD`) REFERENCES `kybaucu` (`ngayBD`) ON DELETE CASCADE
) ENGINE=InnoDB DEFAULT CHARSET=utf8mb4 COLLATE=utf8mb4_general_ci;

-- Dumping data for table baucutructuyen.phieubau: ~65 rows (approximately)
INSERT INTO `phieubau` (`ID_Phieu`, `GiaTriPhieuBau`, `ngayBD`, `ID_cap`) VALUES
	('2a2024120513592355', '351405864050268064584971578415567020452890687004487098676892514600', '2024-12-06 11:27:38', 13),
	('3E2024112910030767', '6067367106956487534353942135510', '2024-11-30 06:56:56', 12),
	('3r2024120515294523', '35131151501397122258685468914668186662667224715355996035861939328', '2024-12-06 11:27:38', 13),
	('3r2024120516285640', '45595729470361125482494898747925748614776329200033512609744329895', '2024-12-06 11:27:38', 13),
	('4b2024120516365398', '176001695823089681381652143162832334622408258068425149062012720003', '2024-12-06 11:27:38', 13),
	('4c2024120515003465', '248461491904165707550293981206124306832815524233091201020757192339', '2024-12-06 11:27:38', 13),
	('4d2024120514591695', '283554282011800757642031100320975778417782271993594214119830675220', '2024-12-06 11:27:38', 13),
	('4m2024120515205386', '157249689983057557281017897299354650527177231804235715172195119964', '2024-12-06 11:27:38', 13),
	('622024120515251366', '26681071177602709524189386659555973897506783634437828697097874914', '2024-12-06 11:27:38', 13),
	('6K2024120516250856', '27208045410853372822069989222398737917046987954730832170524446366', '2024-12-06 11:27:38', 13),
	('762024120515200480', '309689982770362508194932000544856436620729194818103881720216261794', '2024-12-06 11:27:38', 13),
	('8K2024120516334422', '249147153745204883020191017151087039796640902831222221711993182035', '2024-12-06 11:27:38', 13),
	('9u2024120515305515', '233792385794048842223285597457803550911410581764861556198428367919', '2024-12-06 11:27:38', 13),
	('a12024112909561638', '93940446923683437050307380911942', '2024-11-30 09:59:59', 12),
	('aY2024120514421361', '261800205597948800942527731903562670413484560959023562381490053834', '2024-12-06 11:27:38', 13),
	('bJ2024120515215590', '51627792644080695541120204362745358867816007338303079375048991686', '2024-12-06 11:27:38', 13),
	('Co2024112910031745', '77063587199599716530815262275042', '2024-11-30 09:59:59', 12),
	('d02024112814182069', '39403662998800283068092918734141', '2024-11-30 06:56:56', 12),
	('Db2024120513481185', '70037037538924490934288112321734999669994620837479878295783311507', '2024-12-06 11:27:38', 13),
	('Dj2024112909543631', '74598563983374778241040477335284', '2024-11-30 06:56:56', 12),
	('e62024120514080679', '67446330793796409041849755869505661626405943556550578037016282189', '2024-12-06 11:27:38', 13),
	('Fb2024120119452127', '780512397122585226499066115207228863416930393875589651456491869', '2024-12-01 10:01:01', 12),
	('fJ2024120515362323', '564217779164440122423597006094022745806790734720963606709579788', '2024-12-06 11:27:38', 13),
	('he2024120515314227', '133562280904817223000210567289373446204169306069178411606832622114', '2024-12-06 11:27:38', 13),
	('hK2024120515053656', '244119925682022836900168292707370897408413062358699584639145809102', '2024-12-06 11:27:38', 13),
	('Hx2024120514061968', '132853309143880254267364554543340902247347094995541472459914612934', '2024-12-06 11:27:38', 13),
	('i32024112813363540', '37508048239452239612144865200450', '2024-11-30 09:59:59', 12),
	('I62024120519363742', '94368414446173298365909064179275973999499650533859867336244794426', '2024-12-06 11:27:38', 13),
	('ig2024120513512213', '330573423520522260135950316845992395037244292113727998005481290121', '2024-12-06 11:27:38', 13),
	('J22024120515112678', '315955972701254050696664874665134570049967470656860707546307985742', '2024-12-06 11:27:38', 13),
	('J62024120515135284', '82101237698704382794038985648482733531670101149665560440521392733', '2024-12-06 11:27:38', 13),
	('J92024120516373895', '38882499296078058108705029230499516960312713846023761314126029096', '2024-12-06 11:27:38', 13),
	('Jo2024120516293869', '347983797430433686254163296042498994700632275983422386818327439548', '2024-12-06 11:27:38', 13),
	('kf2024120515353301', '55234661113174524260849168954669031888394041632274496764633526892', '2024-12-06 11:27:38', 13),
	('kr2024120515324360', '92647767387130652215693046119677919335046791476613292205778401006', '2024-12-06 11:27:38', 13),
	('Lh2024120515091709', '45174138204742648977847984156823758839773977710784054623447515120', '2024-12-06 11:27:38', 13),
	('Ma2024120515162734', '15325270549671412902469703850653621065937183440760509846241407160', '2024-12-06 11:27:38', 13),
	('mH2024120516350610', '63402218062313259967488571654120559829654641858637634119155096029', '2024-12-06 11:27:38', 13),
	('mT2024112909555770', '87004608630638847069668930898219', '2024-11-30 06:56:56', 12),
	('nd2024120515014073', '262763668634678136856869279902264402537564507701495924218032570667', '2024-12-06 11:27:38', 13),
	('nI2024120516271817', '281686667638018994779654476555498256177755295863097314577081215386', '2024-12-06 11:27:38', 13),
	('os2024120310383195', '64685954187167179631969505063124', '2024-11-30 09:59:59', 12),
	('OZ2024120514581597', '368769798020560997715673320963122088922385786796187623658291705538', '2024-12-06 11:27:38', 13),
	('Pw2024112812474361', '14371666287432679745746474911355', '2024-11-30 06:56:56', 12),
	('Q62024120516313951', '117396331277249038121956189964604970568749387876779053088508424291', '2024-12-06 11:27:38', 13),
	('rA2024120516355952', '188775120992552838487150861073503620175069559763683285203653525635', '2024-12-06 11:27:38', 13),
	('sc2024120515101586', '247479359979165739843070723267220329668531667317471320680565441690', '2024-12-06 11:27:38', 13),
	('SE2024120519404284', '48664506533987895641334307072615176922388551837275469265870843642', '2024-12-06 11:27:38', 13),
	('Sn2024120515343799', '52138835404267242069770443942296866886701119257176518321903597518', '2024-12-06 11:27:38', 13),
	('TM2024112909542802', '20459618513185169968962118632895', '2024-11-30 09:59:59', 12),
	('tt2024120515275534', '54733983372100077373215659370741396400805098031129590722464938728', '2024-12-06 11:27:38', 13),
	('u52024120515063823', '194111570967647735054326315194765617094288543099801560799716287469', '2024-12-06 11:27:38', 13),
	('Uq2024120515265644', '40691267364578215129754000500178050579890014324569967614536263823', '2024-12-06 11:27:38', 13),
	('ut2024120515230080', '91192823289936830187288840983296233159138756495167467069940079123', '2024-12-06 11:27:38', 13),
	('V42024120516261205', '304765174174570153631212431933533958563556213238673779239415772451', '2024-12-06 11:27:38', 13),
	('Vm2024120513560984', '59801901308382974413062095010383176279089462183325693006373296317', '2024-12-06 11:27:38', 13),
	('VV2024120514570685', '65498524602417055830531862477215844447865656733664803159747558154', '2024-12-06 11:27:38', 13),
	('W72024120515191676', '134891062843694360661405685319823286943077629554714785472769883546', '2024-12-06 11:27:38', 13),
	('wS2024120515182633', '185931725210317013353235482510477160299719821045562215176580671714', '2024-12-06 11:27:38', 13),
	('Xm2024120515025009', '95209834326266815369885568096636034414737819665596838743984435069', '2024-12-06 11:27:38', 13),
	('y22024112909430745', '90816975156088138297692748073808', '2024-11-30 06:56:56', 12),
	('yI2024120516322973', '339002268628705030656793284756803637842720002546050430300500056328', '2024-12-06 11:27:38', 13),
	('zj2024120515333616', '26377252499903659460177620309073485113971655347862634333375043002', '2024-12-06 11:27:38', 13),
	('zP2024120514404287', '217731538467508697959858478274925010768821908212017390544200129457', '2024-12-06 11:27:38', 13),
	('Zr2024120514384608', '208894128252947017832887395785420085826767039391123692628861326520', '2024-12-06 11:27:38', 13);

-- Dumping structure for table baucutructuyen.quanhuyen
CREATE TABLE IF NOT EXISTS `quanhuyen` (
  `ID_QH` int NOT NULL AUTO_INCREMENT,
  `TenQH` varchar(50) CHARACTER SET utf8mb4 COLLATE utf8mb4_general_ci NOT NULL,
  `STT` tinyint DEFAULT NULL,
  PRIMARY KEY (`ID_QH`),
  KEY `STT` (`STT`),
  CONSTRAINT `quanhuyen_ibfk_1` FOREIGN KEY (`STT`) REFERENCES `tinhthanh` (`STT`)
) ENGINE=InnoDB AUTO_INCREMENT=30 DEFAULT CHARSET=utf8mb4 COLLATE=utf8mb4_general_ci;

-- Dumping data for table baucutructuyen.quanhuyen: ~26 rows (approximately)
INSERT INTO `quanhuyen` (`ID_QH`, `TenQH`, `STT`) VALUES
	(1, 'Quận Ninh Kiều', 65),
	(2, 'Quận Bình Thủy', 65),
	(3, 'Quận Cái Răng', 65),
	(4, 'Quận Ô Môn', 65),
	(5, 'Quận Thốt Nốt', 65),
	(6, 'Huyện Cờ Đỏ', 65),
	(7, 'Huyện Phong Điền', 65),
	(8, 'Huyện Thới Lai', 65),
	(9, 'Huyện Vĩnh Thạnh', 65),
	(10, 'Huyện Cái Nước', 69),
	(11, 'Huyện Đầm Dơi', 69),
	(12, 'Huyện Năm Căn', 69),
	(13, 'Huyện Ngọc Hiển', 69),
	(14, 'Huyện Phú Tân', 69),
	(15, 'Huyện Thới Bình', 69),
	(16, 'Huyện Trần Văn Thời', 69),
	(17, 'Huyện U Minh', 69),
	(18, 'Thành Phố Cà Mau', 69),
	(19, 'Huyện Vĩnh Lợi', 94),
	(20, 'Huyện Hông Dân', 94),
	(21, 'Huyện Hòa Bình', 94),
	(22, 'Huyện Phước Long', 94),
	(23, 'Thị xã Giá Rai', 94),
	(24, 'Huyện Đông Hải', 94),
	(25, 'Thành Phố Bạc Liêu', 94),
	(28, 'Test5555', 69);

-- Dumping structure for table baucutructuyen.taikhoan
CREATE TABLE IF NOT EXISTS `taikhoan` (
  `TaiKhoan` varchar(30) CHARACTER SET utf8mb4 COLLATE utf8mb4_general_ci NOT NULL,
  `MatKhau` varchar(255) CHARACTER SET utf8mb4 COLLATE utf8mb4_general_ci NOT NULL DEFAULT '0',
  `BiKhoa` varchar(1) CHARACTER SET utf8mb4 COLLATE utf8mb4_general_ci DEFAULT NULL,
  `LyDoKhoa` varchar(100) CHARACTER SET utf8mb4 COLLATE utf8mb4_general_ci DEFAULT NULL,
  `NgayTao` datetime DEFAULT NULL,
  `SuDung` tinyint DEFAULT NULL,
  `RoleID` tinyint NOT NULL,
  PRIMARY KEY (`TaiKhoan`),
  KEY `RoleID` (`RoleID`),
  CONSTRAINT `fk_taikhoan_SDT` FOREIGN KEY (`TaiKhoan`) REFERENCES `nguoidung` (`SDT`) ON DELETE CASCADE ON UPDATE CASCADE,
  CONSTRAINT `taikhoan_ibfk_1` FOREIGN KEY (`RoleID`) REFERENCES `vaitro` (`RoleID`)
) ENGINE=InnoDB DEFAULT CHARSET=utf8mb4 COLLATE=utf8mb4_general_ci;

-- Dumping data for table baucutructuyen.taikhoan: ~71 rows (approximately)
INSERT INTO `taikhoan` (`TaiKhoan`, `MatKhau`, `BiKhoa`, `LyDoKhoa`, `NgayTao`, `SuDung`, `RoleID`) VALUES
	('040714007', '$argon2id$v=19$m=65536,t=3,p=1$LnAOv4nQnHKrtc/QfRGRRg$lCBt51MfGEerZKFngJRzvAIaWP/aYAWF6KEtd6fG100', '0', 'null', '2024-10-03 00:09:21', 1, 2),
	('040714008', '$argon2id$v=19$m=65536,t=3,p=1$uoUAWWz7IR7LR221OAcj1A$RR0TqvUb2i3upCD3b10Pz6cJIMnUbbIkvuhbwTwoHEA', '0', 'null', '2024-10-03 00:21:21', 1, 2),
	('040714009', '$argon2id$v=19$m=65536,t=3,p=1$4nF/mCkowPm5DsCWmC6Zdg$Uee1SCnFGoGIST4pskxdkbgUSAJ8X6z6YdfT7fzKS08', '0', 'null', '2024-10-03 00:29:29', 1, 2),
	('040714010', '$argon2id$v=19$m=65536,t=3,p=1$Si2i7IdKVfmaAHiDtUgtIg$z8O4S0SKmT0mPS1dYOxclydwnx2/G7YpMSDeE+u3Qew', '0', 'null', '2024-10-03 00:30:50', 1, 2),
	('040714011', '$argon2id$v=19$m=65536,t=3,p=1$YC0wZRm2qHSjwjiji6mWgw$nh6QffMQgH6n2M3qZ7SOgQKfXVdH96qRvjty5L8bD7s', '0', 'null', '2024-10-03 00:31:42', 1, 2),
	('040714014', '$argon2id$v=19$m=65536,t=3,p=1$zMbnYZdfTLdq0NYYeRg4tQ$XwjCkqjG8f7kpeR52FU3iLLlidW1NcA/c+5TFzJMr5k', '0', 'null', '2024-10-12 21:25:27', 1, 2),
	('040714015', '$argon2id$v=19$m=65536,t=3,p=1$tYW/Ee7BRSwYMrTNY4m36g$gndb5trhYYMX2KG0mLjBwKLfvFBsjupzOFDQ5OtD7KE', '0', 'null', '2024-10-17 14:31:32', 1, 2),
	('040714016', '$argon2id$v=19$m=65536,t=3,p=1$zZqYQpE6oWgB7hV7TI7XyQ$nxOn9xFIJBhl3B/Eku25gI3cghkJgkLRFqF3lZTQ61M', '0', 'null', '2024-10-17 14:32:37', 1, 2),
	('040714017', '$argon2id$v=19$m=65536,t=3,p=1$gVsCxtsLCcqNrPVJNqXqzw$ru/M4N5yAD5UL2yLCiTWKTBVg5aoAV8LpO5ZpVVnOSQ', '0', 'null', '2024-10-17 14:33:28', 1, 2),
	('040714018', '$argon2id$v=19$m=65536,t=3,p=1$8Aq2oMjGD1QJeMat3afktg$TAbXzX3OsfOPfv1sdjOVm7uXwITpwZVGBt3FxcRBmP0', '0', 'null', '2024-10-17 14:34:09', 1, 2),
	('040714019', '$argon2id$v=19$m=65536,t=3,p=1$PKWiBfsRm46qi0pGYyN8TQ$Z/SV8+vUKjijFzlTEXu3rfBYOE2zsCZw/4R+Zr9xgfM', '0', 'null', '2024-10-17 14:34:45', 1, 2),
	('088888888', '$argon2id$v=19$m=65536,t=3,p=1$EEFe0JSwGNKhRpXLxRFuSQ$DOHqGYdpaM/YNFX/bAqksUNCAY4Hd3O1KVnZxKoBlxI', '0', 'null', '2024-10-12 21:24:10', 1, 2),
	('0947517952', '$argon2id$v=19$m=65536,t=3,p=1$aLTFHuHEDZg5xnRGtue+Ww$5nJmA42xKVNa04zO8tgNzi6wYMQrF+HPZmt6FRvux+c', '0', 'null', '2024-11-09 23:41:17', 1, 5),
	('0947888952', '$argon2id$v=19$m=65536,t=3,p=1$5ArWgnDSiuTZaanSb1lJ0Q$1AoC6J/+rgtbC3HMkiZqMHasVUY3L+Y0wNttv1E8ZKQ', '0', 'null', '2024-11-14 15:00:58', 1, 2),
	('0974000162', '$argon2id$v=19$m=65536,t=3,p=1$9X213jZA5D3IQ3fTHUD/Kg$jkdrrtKPM0kQN9t5ssvcwDDRHIzwJL8Qb02BM9HRwR8', '0', 'null', '2024-09-19 19:48:45', 1, 5),
	('0974000252', '$argon2id$v=19$m=65536,t=3,p=1$XRd1Nk4gP6vLTZoGP5fIaQ$MMZV6UTKcjvX/DqrZWID66KfWux81bCFjMo2VrH9Ffc', '0', 'null', '2024-09-16 23:21:32', 1, 5),
	('0974000352', '$argon2id$v=19$m=65536,t=3,p=1$EyaIakq2nLN3FumoP9cPTQ$xLF09ge+h6hTd8YXqBGlVDlyKCTYmg80QY6Xz5ppzVM', '0', 'null', '2024-09-16 22:10:39', 1, 5),
	('0974000452', '$argon2id$v=19$m=65536,t=3,p=1$xKk6fb1jvXh0Ys6eZDG/Gg$EsHDttfk8Lp9V3sLEVqSiu1eHmkjpRGxaUuFHpHHQYs', '0', 'null', '2024-09-16 22:08:19', 1, 5),
	('0974000552', '$argon2id$v=19$m=65536,t=3,p=1$5dnHAQUKnugZ7P/RXY10sg$aIhTrCG440ign1ZtoRQJU5pHvMkFRlGmgOf3cIkToBA', '0', 'null', '2024-09-19 20:00:22', 1, 5),
	('0974000652', '$argon2id$v=19$m=65536,t=3,p=1$GJltnBx0XqLkHK7YhKWNzg$7TqoG31MwUe694TBhZytH6kyG7OkQw54wd+TLvskDy0', '0', 'null', '2024-09-30 16:54:56', 1, 5),
	('0974000752', '$argon2id$v=19$m=65536,t=3,p=1$Jj14AKwKCxfWnreyWUpodg$TL7XuNHpMFMiuncv2eFhuwE2YE2TWjhD1jGkngMbaow', '0', 'null', '2024-09-30 16:58:02', 1, 5),
	('0974000754', '$argon2id$v=19$m=65536,t=3,p=1$d7FT6U0tLnBcrb/jph2mQQ$Eew7oU70LZMXWseAH5PSxd9jTRLTO9bEzFStz8/pD2U', '0', 'null', '2024-11-09 14:23:04', 1, 5),
	('0974000755', '$argon2id$v=19$m=65536,t=3,p=1$GubhtuQZvj+v1Z3HFNunYQ$tYxK6vuhkqrkKlh5aWUvLQ1lky6a4RccfvcCcza8dqw', '0', 'null', '2024-11-09 22:19:35', 1, 5),
	('0974000757', '$argon2id$v=19$m=65536,t=3,p=1$scT+hEiqcZz9hx/H9RLg3w$m+cUcfCK1Yd5PtxvbrmHU8GMey/YIq1yUp06ypuWjD4', '0', 'null', '2024-12-04 20:02:43', 1, 5),
	('0974000758', '$argon2id$v=19$m=65536,t=3,p=1$bMrBHwrqqKP3j0XUkU2zAw$dXp0Ig/sdlt+IjPBG4c3hEpsPUWMOeXKPRMvMA0GMrI', '0', 'null', '2024-12-04 20:03:33', 1, 5),
	('0974000759', '$argon2id$v=19$m=65536,t=3,p=1$BYKpRv9FcG2YmPdIPsSv3Q$Ag7izqdcUWd6pLf96Q05B7OHdpFSj3s78tj69frE34o', '0', 'null', '2024-12-04 20:04:38', 1, 5),
	('0974000760', '$argon2id$v=19$m=65536,t=3,p=1$kXTkg84PRxVoliXsto/clQ$ObAbY2nfMC352KWoeQzjKmx90RXFQqYIULsGPFOPmg4', '0', 'null', '2024-12-04 20:05:28', 1, 5),
	('0974000761', '$argon2id$v=19$m=65536,t=3,p=1$yW5whG3uF9/ntD+lNldrrw$Utc9Z/zGhtMERPdyNKf0x9iSZT722P3zd/iDW935FKc', '0', 'null', '2024-12-04 20:06:07', 1, 5),
	('0974000762', '$argon2id$v=19$m=65536,t=3,p=1$LLTPUZI+OunSadtMyNb/0Q$kuR7AtW/z0B8aK6WLqlswQDTOEpG+DqWMPBPXfBUM+s', '0', 'null', '2024-12-04 20:06:53', 1, 5),
	('0974000763', '$argon2id$v=19$m=65536,t=3,p=1$NqwHIrvGsyMFycpQBE37Rw$TMnsjacIJhUmixsKxl5hx0T/CcGwcSu1/JdUS4RaDyo', '0', 'null', '2024-12-04 20:07:42', 1, 5),
	('0974000764', '$argon2id$v=19$m=65536,t=3,p=1$GqUJvrhBSxrsrcyRm5vDzg$qwNi/EPdm/W4ImEBRinDih62aInG6GXWxZwYTV0bdRo', '0', 'null', '2024-12-04 20:08:36', 1, 5),
	('0974000765', '$argon2id$v=19$m=65536,t=3,p=1$wjFtSwFAXvBmyz8UkbFq4g$NrxvOysnyyZRrLrRxeZ+19tL40Wzjs/zAYN5vLMAdvc', '0', 'null', '2024-12-04 20:09:13', 1, 5),
	('0974000766', '$argon2id$v=19$m=65536,t=3,p=1$nt3sqGLkPV5A34UYBEVegw$bNah2MMQRza7kLicK19ho6g9te1G9yBAOLDofxFvKI4', '0', 'null', '2024-12-04 20:11:48', 1, 5),
	('0974000767', '$argon2id$v=19$m=65536,t=3,p=1$RfdRJlZvuCZ/fBo+5LoVHw$0QXgmbsyOtWMZEQrJcH74PKIhbPiBUY0NRPJvFgopJ8', '0', 'null', '2024-12-04 20:12:38', 1, 5),
	('0974000768', '$argon2id$v=19$m=65536,t=3,p=1$22GKsPTlKyGXn+5yBtqWXA$n/LZDw//q73tGHTP5O4MnmPpuRHOg+p8SjZ0y5Rggm0', '0', 'null', '2024-12-04 20:13:41', 1, 5),
	('0974000769', '$argon2id$v=19$m=65536,t=3,p=1$G19Jrjx9e2uVGnFqOu9yMg$BbVkRAmCVfgp8tniqdGhYf9oy1Vt2nZQA/aXgucgU5Y', '0', 'null', '2024-12-04 20:14:39', 1, 5),
	('0974000770', '$argon2id$v=19$m=65536,t=3,p=1$edvoAaXClwo68zQncNdcCA$EiLkE5FCmn/TUeVyyDcFCwNc2yKJQ+xc70aCrnCY2F4', '0', 'null', '2024-12-04 20:15:29', 1, 5),
	('0974000771', '$argon2id$v=19$m=65536,t=3,p=1$TNVeE9y5XOjXahUcfG8m8g$xX8gaijGFw7Eu5Pu/4WjeQccnpQx0LYY3Yp9fz4CBJc', '0', 'null', '2024-12-04 20:16:15', 1, 5),
	('0974000772', '$argon2id$v=19$m=65536,t=3,p=1$ESvOs4G4mN67h3gl2blB1w$Zz7gOyT7aXZRxfm3sgmxOXG/tCgRS1+coJbE+wh4VTY', '0', 'null', '2024-12-04 20:34:14', 1, 5),
	('0974000773', '$argon2id$v=19$m=65536,t=3,p=1$tg6ZLnxLdyiGfN/TyzSQ7w$F3H1kfTGbufIv7fnKhFLvYxBhe5X8/xWXr26++WO1kc', '0', 'null', '2024-12-04 20:34:55', 1, 5),
	('0974000775', '$argon2id$v=19$m=65536,t=3,p=1$lFurdyqjGUjaDcB4Bwev0w$r7ogiRDlwx6ZrkeozDky89RLpHi8ki6qBCLtwoKtllU', '0', 'null', '2024-12-04 20:36:33', 1, 5),
	('0974000776', '$argon2id$v=19$m=65536,t=3,p=1$nFTXmbAB0MnNanykehCvWw$Cdq3asboD1l0rl+3muOh6JoRhNMB2ZSvMjtZ8bfJ/ZA', '0', 'null', '2024-12-04 20:37:20', 1, 5),
	('0974000777', '$argon2id$v=19$m=65536,t=3,p=1$0PEEDqzxloOuJKxwRJRHwQ$0w8n/Qiw65fObE0I+zY9dBw0IioL04ffkn2ruWHGyeY', '0', 'null', '2024-12-04 20:37:58', 1, 5),
	('0974000778', '$argon2id$v=19$m=65536,t=3,p=1$/U4gMDwYA43w1KdDh7UYBQ$aCCEFixC9iAkYr9qS3tGD4jNJgn4ZJ+8VYh/fqDchWg', '0', 'null', '2024-12-04 20:38:40', 1, 5),
	('0974000779', '$argon2id$v=19$m=65536,t=3,p=1$sQiT0zsy9mJkGFnZnqbqrA$jP1lxSMV5izps/dJ3K76K2WMiALO4avWmZdQhm54moM', '0', 'null', '2024-12-04 20:39:24', 1, 5),
	('0974000780', '$argon2id$v=19$m=65536,t=3,p=1$IS26bNgHdHATIgi41Rvj3w$dgfDhP+JWSbORAfEBMJI2NnNSCOb7F4eGV0udDfOEeM', '0', 'null', '2024-12-04 20:40:16', 1, 5),
	('0974000781', '$argon2id$v=19$m=65536,t=3,p=1$UMM4ZMGrESKN5GcARtsgSg$7Qx2rSqZVxhQhHGJQCyWvSHJ0QfH6TvXj1w9WMv6Mhg', '0', 'null', '2024-12-04 20:40:58', 1, 5),
	('0974000782', '$argon2id$v=19$m=65536,t=3,p=1$uxGyocWAjZUxT8I0Q6Odjw$3dVFr9EQQKg6b2smFwPRGlE0FVkRQTBvDooaV8J7BLI', '0', 'null', '2024-12-04 20:41:34', 1, 5),
	('0974000783', '$argon2id$v=19$m=65536,t=3,p=1$ZAgxXlhlMRSwIMt9BJdhhQ$Q96sVHXATyAYj8v/uqYq87zSjWWL3WYHyCGsJsChTV8', '0', 'null', '2024-12-04 20:42:08', 1, 5),
	('0974000784', '$argon2id$v=19$m=65536,t=3,p=1$NifJRA0bpkxuIBLEZP0ygA$wUpQd0o4Z2BstWaM+NmRDDpIOUuaUI2SzxFCdQ1Te1Y', '0', 'null', '2024-12-04 20:42:51', 1, 5),
	('0974000785', '$argon2id$v=19$m=65536,t=3,p=1$QJnsSy2qBhs1e+Kf2sgygg$0r2TOfal9Dac9VUhIBi6JAxLgpKANxqaw/jnrNc6ETc', '0', 'null', '2024-12-04 20:43:30', 1, 5),
	('0974000786', '$argon2id$v=19$m=65536,t=3,p=1$gnSEhpuvcXJmRFvwI3TJkA$/u4+1cUtpPYBMpOX2Ez8DvzGBc9qCLpMgJwW5u2uBm0', '0', 'null', '2024-12-04 20:44:15', 1, 5),
	('0974000787', '$argon2id$v=19$m=65536,t=3,p=1$EZ0VbwNU3JdStCdQp55vXw$CK6l9SsqZqMIRX0P/M6ImU1crWLrIV77Hd0wsYQEQeU', '0', 'null', '2024-12-04 20:44:53', 1, 5),
	('0974000788', '$argon2id$v=19$m=65536,t=3,p=1$Uo6R09ZQfGV1C1dj8TZEnA$Vd5gyJcJ+v4zKmta+ol/Lsqii2vVo94FF+uq+gE08gg', '0', 'null', '2024-12-04 20:45:40', 1, 5),
	('0974000789', '$argon2id$v=19$m=65536,t=3,p=1$1YNRi/h5SlLnSf545a9tlg$vRzEXdf+8+YaHGfn3qeF7BJSrsbFNQSdMaVm9UVg/uE', '0', 'null', '2024-12-04 20:46:07', 1, 5),
	('0974000790', '$argon2id$v=19$m=65536,t=3,p=1$V23Fv0Cb9JJ477t4lpSQNw$bU1nsgU+oEncE9OrJK/eqslZXechBERhfTEJi07ORi4', '0', 'null', '2024-12-04 20:46:37', 1, 5),
	('0974000791', '$argon2id$v=19$m=65536,t=3,p=1$1icqy8kWHcMZuXr4j4AyWA$uVRlE061l5fm1VNPqSJo7y9q4hWmu5d7jFQ+gJBzNvc', '0', 'null', '2024-12-04 20:47:13', 1, 5),
	('0974000792', '$argon2id$v=19$m=65536,t=3,p=1$R+YTJsviN8f/n9GNq6KN4Q$FnqX/os/81VxQTej9C+emxOWourPgJryeB8ZKJeZwsM', '0', 'null', '2024-12-04 20:47:48', 1, 5),
	('0974000793', '$argon2id$v=19$m=65536,t=3,p=1$d3TcZJy7NDFfF7FkfFBzyA$oZPVBnVjO7hfZPTvuZuLkkHksCuGHB29tm7V1Z9dHD0', '0', 'null', '2024-12-04 20:48:27', 1, 5),
	('0974000794', '$argon2id$v=19$m=65536,t=3,p=1$zc0/colA9+b2W9ioIM93Bw$Y4n1UWFfTWZzrWMmr475wOvNL2pa1/brsatgTKMnEYU', '0', 'null', '2024-12-04 20:49:02', 1, 5),
	('0974000795', '$argon2id$v=19$m=65536,t=3,p=1$br5gwcCbVpHmuOZT45+YLw$tx9T0KhFG402w3vc1vLxjazNBUj6Wergbd3mBdW3DY8', '0', 'null', '2024-12-04 20:49:33', 1, 5),
	('0974000796', '$argon2id$v=19$m=65536,t=3,p=1$1pkOx7tBs47wDaNBWCOaGA$tHWi8wMjpGL7RYBx8e8U7XbKK4k+AaOPD2wJNgZW5eA', '0', 'null', '2024-12-04 20:50:20', 1, 5),
	('0974000797', '$argon2id$v=19$m=65536,t=3,p=1$YpuwKSlSUwDtSLvLh+9wJw$xjPyZl3Sest6KH+zsJDl9HhJbG08rrt9U/4zkUYVbEQ', '0', 'null', '2024-12-04 20:50:59', 1, 5),
	('0974000798', '$argon2id$v=19$m=65536,t=3,p=1$8ZQzzi8OBcHGbWqPrZQORg$0slRKuHPUvu8fX8pX3ZwLW5Uqr5P+ALLW9qgWtR+9M4', '0', 'null', '2024-12-04 20:51:44', 1, 5),
	('0974000799', '$argon2id$v=19$m=65536,t=3,p=1$C95+mm0SoeUrG8/7O6w+7A$iqn55WN6lrYvZQQUNnnAQXkp4sdoRM7BJd5TV/KUw20', '0', 'null', '2024-12-04 20:52:14', 1, 5),
	('0974088888', '$argon2id$v=19$m=65536,t=3,p=1$VxRtLULadl0BaZov0zpB6A$kccFU1azuHQbVAvuep4Ly7zzedGfKM+lc9wyMJ0xI28', '0', 'null', '2024-11-09 13:45:58', 1, 5),
	('098910005', '$argon2id$v=19$m=65536,t=3,p=1$DNJr/NGXxMiBukWReNhogQ$2n5vOuC1AfcJfdecTlMJocUXkhudiRjgde7QxPqkce8', '0', 'null', '2024-10-25 15:39:42', 1, 8),
	('098920005', '$argon2id$v=19$m=65536,t=3,p=1$7HSj4A9ow4uGmISgjOKW7A$d3VLg1qXO1+5Q124e5NPvnfLb8SxjfIH0BpOd26ZRCg', '0', 'null', '2024-10-25 15:37:20', 1, 8),
	('098930005', '$argon2id$v=19$m=65536,t=3,p=1$C8nUcEt1BDjal7+J7PByYQ$TvjFt5FysArjRi7YoSEVvxEaHtLRw5mrS347CkOzt64', '0', 'null', '2024-10-25 15:34:53', 1, 8),
	('098940005', '$argon2id$v=19$m=65536,t=3,p=1$5lxnCi5mBeNLwC9xA9tRMQ$aPm7ItUGkPn0Vp94hNOnMAjE3S5yLPzlW83ZxUYV2m0', '0', 'null', '2024-10-25 15:24:18', 1, 8),
	('099999999', '$argon2id$v=19$m=65536,t=3,p=1$iUK4F+gT/Lz9R/JOywxKwA$yQx771HW10Tr4xfSXRrNuKETbsRMcI+rYaPjVwEm7ak', '0', 'null', '2024-10-25 15:14:35', 1, 8),
	('admin2', '$argon2id$v=19$m=65536,t=3,p=1$0tfopQz8TcG6GvpAl28d0g$jOrPw+GGqpVOv0OmOt53AnK7HbGD4sbuUFScCjR8wMA', '0', 'null', '2024-09-18 21:05:13', 1, 1);

-- Dumping structure for table baucutructuyen.thongbao
CREATE TABLE IF NOT EXISTS `thongbao` (
  `ID_ThongBao` int NOT NULL AUTO_INCREMENT,
  `NoiDungThongBao` varchar(255) CHARACTER SET utf8mb4 COLLATE utf8mb4_general_ci DEFAULT NULL,
  `ThoiDiem` datetime DEFAULT NULL,
  PRIMARY KEY (`ID_ThongBao`)
) ENGINE=InnoDB AUTO_INCREMENT=1111 DEFAULT CHARSET=utf8mb4 COLLATE=utf8mb4_general_ci;

-- Dumping data for table baucutructuyen.thongbao: ~977 rows (approximately)
INSERT INTO `thongbao` (`ID_ThongBao`, `NoiDungThongBao`, `ThoiDiem`) VALUES
	(1, 'Ngày bầu cử', '2024-12-18 10:15:44'),
	(2, 'Ngay đắt cử', '2024-12-18 11:30:44'),
	(3, 'Chuẩn bị cuộc bầu cử', '2024-10-02 09:21:34'),
	(59, 'Thông báo kết quả bầu cử tại kỳ: 2024-10-22 12:12:12', '2024-10-28 15:21:28'),
	(60, 'Ngày bầu cử sắp tới của bạn tham dự là 03/11/2024 10:15:00 SA.', '2024-11-01 14:01:57'),
	(61, 'Ngày bầu cử sắp tới của bạn tham dự là 03/11/2024 10:15:00 SA.', '2024-11-01 14:01:57'),
	(62, 'Ngày bầu cử sắp tới của bạn tham dự là 03/11/2024 10:15:00 SA.', '2024-11-01 14:01:57'),
	(63, 'Ngày bầu cử sắp tới của bạn tham dự là 03/11/2024 10:15:00 SA.', '2024-11-01 14:01:57'),
	(64, 'Ngày bầu cử sắp tới của bạn tham dự là 03/11/2024 10:15:00 SA.', '2024-11-01 14:01:58'),
	(65, 'Ngày bầu cử sắp tới của bạn tham dự là 03/11/2024 10:25:10 SA.', '2024-11-01 14:01:58'),
	(66, 'Ngày bầu cử sắp tới của bạn tham dự là 03/11/2024 10:25:10 SA.', '2024-11-01 14:01:58'),
	(67, 'Ngày bầu cử sắp tới của bạn tham dự là 03/11/2024 10:25:10 SA.', '2024-11-01 14:01:58'),
	(68, 'Ngày bầu cử sắp tới của bạn tham dự là 03/11/2024 10:25:10 SA.', '2024-11-01 14:01:58'),
	(69, 'Ngày bầu cử sắp tới của bạn tham dự là 03/11/2024 10:25:11 SA.', '2024-11-01 14:01:58'),
	(70, 'Ngày bầu cử sắp tới của bạn tham dự là 03/11/2024 10:25:11 SA.', '2024-11-01 14:01:58'),
	(71, 'Ngày bầu cử sắp tới của bạn tham dự là 03/11/2024 10:25:11 SA.', '2024-11-01 14:01:58'),
	(72, 'Ngày bầu cử sắp tới của bạn tham dự là 03/11/2024 10:25:11 SA.', '2024-11-01 14:01:58'),
	(73, 'Ngày bầu cử sắp tới của bạn là 03/11/2024 10:15:00 SA.', '2024-11-01 14:01:58'),
	(74, 'Ngày bầu cử sắp tới của bạn là 03/11/2024 10:15:00 SA.', '2024-11-01 14:01:59'),
	(75, 'Ngày bầu cử sắp tới của bạn là 03/11/2024 10:15:00 SA.', '2024-11-01 14:01:59'),
	(76, 'Ngày bầu cử sắp tới của bạn là 03/11/2024 10:15:00 SA.', '2024-11-01 14:01:59'),
	(77, 'Ngày bầu cử sắp tới của bạn là 03/11/2024 10:15:00 SA.', '2024-11-01 14:01:59'),
	(78, 'Ngày bầu cử sắp tới của bạn là 03/11/2024 10:25:10 SA.', '2024-11-01 14:01:59'),
	(79, 'Ngày bầu cử sắp tới của bạn là 03/11/2024 10:25:10 SA.', '2024-11-01 14:01:59'),
	(80, 'Ngày bầu cử sắp tới của bạn là 03/11/2024 10:25:11 SA.', '2024-11-01 14:01:59'),
	(81, 'Ngày bầu cử sắp tới của bạn là 03/11/2024 10:25:11 SA.', '2024-11-01 14:01:59'),
	(82, 'Ngày bầu cử sắp tới của bạn là 03/11/2024 10:25:11 SA.', '2024-11-01 14:01:59'),
	(83, 'Ngày bầu cử sắp tới của bạn là 03/11/2024 10:25:11 SA.', '2024-11-01 14:01:59'),
	(84, 'Ngày bầu cử sắp tới của bạn là 03/11/2024 10:25:11 SA.', '2024-11-01 14:01:59'),
	(85, 'Ngày bầu cử sắp tới của bạn tham dự là 03/11/2024 10:15:00 SA.', '2024-11-01 14:44:45'),
	(86, 'Ngày bầu cử sắp tới của bạn tham dự là 03/11/2024 10:15:00 SA.', '2024-11-01 14:44:46'),
	(87, 'Ngày bầu cử sắp tới của bạn tham dự là 03/11/2024 10:15:00 SA.', '2024-11-01 14:44:46'),
	(88, 'Ngày bầu cử sắp tới của bạn tham dự là 03/11/2024 10:15:00 SA.', '2024-11-01 14:44:46'),
	(89, 'Ngày bầu cử sắp tới của bạn tham dự là 03/11/2024 10:15:00 SA.', '2024-11-01 14:44:46'),
	(90, 'Ngày bầu cử sắp tới của bạn tham dự là 03/11/2024 10:25:10 SA.', '2024-11-01 14:44:46'),
	(91, 'Ngày bầu cử sắp tới của bạn tham dự là 03/11/2024 10:25:10 SA.', '2024-11-01 14:44:46'),
	(92, 'Ngày bầu cử sắp tới của bạn tham dự là 03/11/2024 10:25:10 SA.', '2024-11-01 14:44:46'),
	(93, 'Ngày bầu cử sắp tới của bạn tham dự là 03/11/2024 10:25:10 SA.', '2024-11-01 14:44:46'),
	(94, 'Ngày bầu cử sắp tới của bạn tham dự là 03/11/2024 10:25:11 SA.', '2024-11-01 14:44:46'),
	(95, 'Ngày bầu cử sắp tới của bạn tham dự là 03/11/2024 10:25:11 SA.', '2024-11-01 14:44:46'),
	(96, 'Ngày bầu cử sắp tới của bạn tham dự là 03/11/2024 10:25:11 SA.', '2024-11-01 14:44:46'),
	(97, 'Ngày bầu cử sắp tới của bạn tham dự là 03/11/2024 10:25:11 SA.', '2024-11-01 14:44:46'),
	(98, 'Ngày bầu cử sắp tới của bạn là 03/11/2024 10:15:00 SA.', '2024-11-01 14:44:46'),
	(99, 'Ngày bầu cử sắp tới của bạn là 03/11/2024 10:15:00 SA.', '2024-11-01 14:44:46'),
	(100, 'Ngày bầu cử sắp tới của bạn là 03/11/2024 10:15:00 SA.', '2024-11-01 14:44:46'),
	(101, 'Ngày bầu cử sắp tới của bạn là 03/11/2024 10:15:00 SA.', '2024-11-01 14:44:46'),
	(102, 'Ngày bầu cử sắp tới của bạn là 03/11/2024 10:15:00 SA.', '2024-11-01 14:44:46'),
	(103, 'Ngày bầu cử sắp tới của bạn là 03/11/2024 10:25:10 SA.', '2024-11-01 14:44:46'),
	(104, 'Ngày bầu cử sắp tới của bạn là 03/11/2024 10:25:10 SA.', '2024-11-01 14:44:46'),
	(105, 'Ngày bầu cử sắp tới của bạn là 03/11/2024 10:25:11 SA.', '2024-11-01 14:44:46'),
	(106, 'Ngày bầu cử sắp tới của bạn là 03/11/2024 10:25:11 SA.', '2024-11-01 14:44:47'),
	(107, 'Ngày bầu cử sắp tới của bạn là 03/11/2024 10:25:11 SA.', '2024-11-01 14:44:47'),
	(108, 'Ngày bầu cử sắp tới của bạn là 03/11/2024 10:25:11 SA.', '2024-11-01 14:44:47'),
	(109, 'Ngày bầu cử sắp tới của bạn là 03/11/2024 10:25:11 SA.', '2024-11-01 14:44:47'),
	(110, 'Ngày bầu cử sắp tới của bạn tham dự là 03/11/2024 10:15:00 SA.', '2024-11-01 18:34:40'),
	(111, 'Ngày bầu cử sắp tới của bạn tham dự là 03/11/2024 10:15:00 SA.', '2024-11-01 18:34:40'),
	(112, 'Ngày bầu cử sắp tới của bạn tham dự là 03/11/2024 10:15:00 SA.', '2024-11-01 18:34:40'),
	(113, 'Ngày bầu cử sắp tới của bạn tham dự là 03/11/2024 10:15:00 SA.', '2024-11-01 18:34:40'),
	(114, 'Ngày bầu cử sắp tới của bạn tham dự là 03/11/2024 10:15:00 SA.', '2024-11-01 18:34:40'),
	(115, 'Ngày bầu cử sắp tới của bạn tham dự là 03/11/2024 10:25:10 SA.', '2024-11-01 18:34:40'),
	(116, 'Ngày bầu cử sắp tới của bạn tham dự là 03/11/2024 10:25:10 SA.', '2024-11-01 18:34:40'),
	(117, 'Ngày bầu cử sắp tới của bạn tham dự là 03/11/2024 10:25:10 SA.', '2024-11-01 18:34:40'),
	(118, 'Ngày bầu cử sắp tới của bạn tham dự là 03/11/2024 10:25:10 SA.', '2024-11-01 18:34:41'),
	(119, 'Ngày bầu cử sắp tới của bạn tham dự là 03/11/2024 10:25:11 SA.', '2024-11-01 18:34:41'),
	(120, 'Ngày bầu cử sắp tới của bạn tham dự là 03/11/2024 10:25:11 SA.', '2024-11-01 18:34:41'),
	(121, 'Ngày bầu cử sắp tới của bạn tham dự là 03/11/2024 10:25:11 SA.', '2024-11-01 18:34:41'),
	(122, 'Ngày bầu cử sắp tới của bạn tham dự là 03/11/2024 10:25:11 SA.', '2024-11-01 18:34:41'),
	(123, 'Ngày bầu cử sắp tới của bạn là 03/11/2024 10:15:00 SA.', '2024-11-01 18:34:41'),
	(124, 'Ngày bầu cử sắp tới của bạn là 03/11/2024 10:15:00 SA.', '2024-11-01 18:34:41'),
	(125, 'Ngày bầu cử sắp tới của bạn là 03/11/2024 10:15:00 SA.', '2024-11-01 18:34:41'),
	(126, 'Ngày bầu cử sắp tới của bạn là 03/11/2024 10:15:00 SA.', '2024-11-01 18:34:41'),
	(127, 'Ngày bầu cử sắp tới của bạn là 03/11/2024 10:15:00 SA.', '2024-11-01 18:34:41'),
	(128, 'Ngày bầu cử sắp tới của bạn là 03/11/2024 10:25:10 SA.', '2024-11-01 18:34:41'),
	(129, 'Ngày bầu cử sắp tới của bạn là 03/11/2024 10:25:10 SA.', '2024-11-01 18:34:41'),
	(130, 'Ngày bầu cử sắp tới của bạn là 03/11/2024 10:25:11 SA.', '2024-11-01 18:34:41'),
	(131, 'Ngày bầu cử sắp tới của bạn là 03/11/2024 10:25:11 SA.', '2024-11-01 18:34:41'),
	(132, 'Ngày bầu cử sắp tới của bạn là 03/11/2024 10:25:11 SA.', '2024-11-01 18:34:41'),
	(133, 'Ngày bầu cử sắp tới của bạn là 03/11/2024 10:25:11 SA.', '2024-11-01 18:34:41'),
	(134, 'Ngày bầu cử sắp tới của bạn là 03/11/2024 10:25:11 SA.', '2024-11-01 18:34:41'),
	(135, 'Ngày bầu cử sắp tới của bạn tham dự là 03/11/2024 10:15:00 SA.', '2024-11-01 21:33:27'),
	(136, 'Ngày bầu cử sắp tới của bạn tham dự là 03/11/2024 10:15:00 SA.', '2024-11-01 21:33:27'),
	(137, 'Ngày bầu cử sắp tới của bạn tham dự là 03/11/2024 10:15:00 SA.', '2024-11-01 21:33:27'),
	(138, 'Ngày bầu cử sắp tới của bạn tham dự là 03/11/2024 10:15:00 SA.', '2024-11-01 21:33:27'),
	(139, 'Ngày bầu cử sắp tới của bạn tham dự là 03/11/2024 10:15:00 SA.', '2024-11-01 21:33:27'),
	(140, 'Ngày bầu cử sắp tới của bạn tham dự là 03/11/2024 10:25:10 SA.', '2024-11-01 21:33:27'),
	(141, 'Ngày bầu cử sắp tới của bạn tham dự là 03/11/2024 10:25:10 SA.', '2024-11-01 21:33:27'),
	(142, 'Ngày bầu cử sắp tới của bạn tham dự là 03/11/2024 10:25:10 SA.', '2024-11-01 21:33:27'),
	(143, 'Ngày bầu cử sắp tới của bạn tham dự là 03/11/2024 10:25:10 SA.', '2024-11-01 21:33:27'),
	(144, 'Ngày bầu cử sắp tới của bạn tham dự là 03/11/2024 10:25:11 SA.', '2024-11-01 21:33:27'),
	(145, 'Ngày bầu cử sắp tới của bạn tham dự là 03/11/2024 10:25:11 SA.', '2024-11-01 21:33:27'),
	(146, 'Ngày bầu cử sắp tới của bạn tham dự là 03/11/2024 10:25:11 SA.', '2024-11-01 21:33:27'),
	(147, 'Ngày bầu cử sắp tới của bạn tham dự là 03/11/2024 10:25:11 SA.', '2024-11-01 21:33:27'),
	(148, 'Ngày bầu cử sắp tới của bạn là 03/11/2024 10:15:00 SA.', '2024-11-01 21:33:27'),
	(149, 'Ngày bầu cử sắp tới của bạn là 03/11/2024 10:15:00 SA.', '2024-11-01 21:33:27'),
	(150, 'Ngày bầu cử sắp tới của bạn là 03/11/2024 10:15:00 SA.', '2024-11-01 21:33:27'),
	(151, 'Ngày bầu cử sắp tới của bạn là 03/11/2024 10:15:00 SA.', '2024-11-01 21:33:27'),
	(152, 'Ngày bầu cử sắp tới của bạn là 03/11/2024 10:15:00 SA.', '2024-11-01 21:33:27'),
	(153, 'Ngày bầu cử sắp tới của bạn là 03/11/2024 10:25:10 SA.', '2024-11-01 21:33:27'),
	(154, 'Ngày bầu cử sắp tới của bạn là 03/11/2024 10:25:10 SA.', '2024-11-01 21:33:28'),
	(155, 'Ngày bầu cử sắp tới của bạn là 03/11/2024 10:25:11 SA.', '2024-11-01 21:33:28'),
	(156, 'Ngày bầu cử sắp tới của bạn là 03/11/2024 10:25:11 SA.', '2024-11-01 21:33:28'),
	(157, 'Ngày bầu cử sắp tới của bạn là 03/11/2024 10:25:11 SA.', '2024-11-01 21:33:28'),
	(158, 'Ngày bầu cử sắp tới của bạn là 03/11/2024 10:25:11 SA.', '2024-11-01 21:33:28'),
	(159, 'Ngày bầu cử sắp tới của bạn là 03/11/2024 10:25:11 SA.', '2024-11-01 21:33:28'),
	(160, 'Ngày bầu cử sắp tới của bạn tham dự là 03/11/2024 10:15:00 SA.', '2024-11-01 23:33:07'),
	(161, 'Ngày bầu cử sắp tới của bạn tham dự là 03/11/2024 10:15:00 SA.', '2024-11-01 23:33:07'),
	(162, 'Ngày bầu cử sắp tới của bạn tham dự là 03/11/2024 10:15:00 SA.', '2024-11-01 23:33:07'),
	(163, 'Ngày bầu cử sắp tới của bạn tham dự là 03/11/2024 10:15:00 SA.', '2024-11-01 23:33:07'),
	(164, 'Ngày bầu cử sắp tới của bạn tham dự là 03/11/2024 10:15:00 SA.', '2024-11-01 23:33:07'),
	(165, 'Ngày bầu cử sắp tới của bạn tham dự là 03/11/2024 10:25:10 SA.', '2024-11-01 23:33:07'),
	(166, 'Ngày bầu cử sắp tới của bạn tham dự là 03/11/2024 10:25:10 SA.', '2024-11-01 23:33:07'),
	(167, 'Ngày bầu cử sắp tới của bạn tham dự là 03/11/2024 10:25:10 SA.', '2024-11-01 23:33:07'),
	(168, 'Ngày bầu cử sắp tới của bạn tham dự là 03/11/2024 10:25:10 SA.', '2024-11-01 23:33:07'),
	(169, 'Ngày bầu cử sắp tới của bạn tham dự là 03/11/2024 10:25:11 SA.', '2024-11-01 23:33:07'),
	(170, 'Ngày bầu cử sắp tới của bạn tham dự là 03/11/2024 10:25:11 SA.', '2024-11-01 23:33:07'),
	(171, 'Ngày bầu cử sắp tới của bạn tham dự là 03/11/2024 10:25:11 SA.', '2024-11-01 23:33:07'),
	(172, 'Ngày bầu cử sắp tới của bạn tham dự là 03/11/2024 10:25:11 SA.', '2024-11-01 23:33:07'),
	(173, 'Ngày bầu cử sắp tới của bạn là 03/11/2024 10:15:00 SA.', '2024-11-01 23:33:08'),
	(174, 'Ngày bầu cử sắp tới của bạn là 03/11/2024 10:15:00 SA.', '2024-11-01 23:33:08'),
	(175, 'Ngày bầu cử sắp tới của bạn là 03/11/2024 10:15:00 SA.', '2024-11-01 23:33:08'),
	(176, 'Ngày bầu cử sắp tới của bạn là 03/11/2024 10:15:00 SA.', '2024-11-01 23:33:08'),
	(177, 'Ngày bầu cử sắp tới của bạn là 03/11/2024 10:15:00 SA.', '2024-11-01 23:33:08'),
	(178, 'Ngày bầu cử sắp tới của bạn là 03/11/2024 10:25:10 SA.', '2024-11-01 23:33:08'),
	(179, 'Ngày bầu cử sắp tới của bạn là 03/11/2024 10:25:10 SA.', '2024-11-01 23:33:08'),
	(180, 'Ngày bầu cử sắp tới của bạn là 03/11/2024 10:25:11 SA.', '2024-11-01 23:33:08'),
	(181, 'Ngày bầu cử sắp tới của bạn là 03/11/2024 10:25:11 SA.', '2024-11-01 23:33:08'),
	(182, 'Ngày bầu cử sắp tới của bạn là 03/11/2024 10:25:11 SA.', '2024-11-01 23:33:08'),
	(183, 'Ngày bầu cử sắp tới của bạn là 03/11/2024 10:25:11 SA.', '2024-11-01 23:33:08'),
	(184, 'Ngày bầu cử sắp tới của bạn là 03/11/2024 10:25:11 SA.', '2024-11-01 23:33:08'),
	(185, 'Ngày bầu cử sắp tới của bạn tham dự là 03/11/2024 10:15:00 SA.', '2024-11-01 23:34:35'),
	(186, 'Ngày bầu cử sắp tới của bạn tham dự là 03/11/2024 10:15:00 SA.', '2024-11-01 23:34:35'),
	(187, 'Ngày bầu cử sắp tới của bạn tham dự là 03/11/2024 10:15:00 SA.', '2024-11-01 23:34:35'),
	(188, 'Ngày bầu cử sắp tới của bạn tham dự là 03/11/2024 10:15:00 SA.', '2024-11-01 23:34:35'),
	(189, 'Ngày bầu cử sắp tới của bạn tham dự là 03/11/2024 10:15:00 SA.', '2024-11-01 23:34:35'),
	(190, 'Ngày bầu cử sắp tới của bạn tham dự là 03/11/2024 10:25:10 SA.', '2024-11-01 23:34:35'),
	(191, 'Ngày bầu cử sắp tới của bạn tham dự là 03/11/2024 10:25:10 SA.', '2024-11-01 23:34:35'),
	(192, 'Ngày bầu cử sắp tới của bạn tham dự là 03/11/2024 10:25:10 SA.', '2024-11-01 23:34:35'),
	(193, 'Ngày bầu cử sắp tới của bạn tham dự là 03/11/2024 10:25:10 SA.', '2024-11-01 23:34:35'),
	(194, 'Ngày bầu cử sắp tới của bạn tham dự là 03/11/2024 10:25:11 SA.', '2024-11-01 23:34:35'),
	(195, 'Ngày bầu cử sắp tới của bạn tham dự là 03/11/2024 10:25:11 SA.', '2024-11-01 23:34:35'),
	(196, 'Ngày bầu cử sắp tới của bạn tham dự là 03/11/2024 10:25:11 SA.', '2024-11-01 23:34:35'),
	(197, 'Ngày bầu cử sắp tới của bạn tham dự là 03/11/2024 10:25:11 SA.', '2024-11-01 23:34:35'),
	(198, 'Ngày bầu cử sắp tới của bạn là 03/11/2024 10:15:00 SA.', '2024-11-01 23:34:35'),
	(199, 'Ngày bầu cử sắp tới của bạn là 03/11/2024 10:15:00 SA.', '2024-11-01 23:34:35'),
	(200, 'Ngày bầu cử sắp tới của bạn là 03/11/2024 10:15:00 SA.', '2024-11-01 23:34:35'),
	(201, 'Ngày bầu cử sắp tới của bạn là 03/11/2024 10:15:00 SA.', '2024-11-01 23:34:35'),
	(202, 'Ngày bầu cử sắp tới của bạn là 03/11/2024 10:15:00 SA.', '2024-11-01 23:34:35'),
	(203, 'Ngày bầu cử sắp tới của bạn là 03/11/2024 10:25:10 SA.', '2024-11-01 23:34:35'),
	(204, 'Ngày bầu cử sắp tới của bạn là 03/11/2024 10:25:10 SA.', '2024-11-01 23:34:35'),
	(205, 'Ngày bầu cử sắp tới của bạn là 03/11/2024 10:25:11 SA.', '2024-11-01 23:34:35'),
	(206, 'Ngày bầu cử sắp tới của bạn là 03/11/2024 10:25:11 SA.', '2024-11-01 23:34:36'),
	(207, 'Ngày bầu cử sắp tới của bạn là 03/11/2024 10:25:11 SA.', '2024-11-01 23:34:36'),
	(208, 'Ngày bầu cử sắp tới của bạn là 03/11/2024 10:25:11 SA.', '2024-11-01 23:34:36'),
	(209, 'Ngày bầu cử sắp tới của bạn là 03/11/2024 10:25:11 SA.', '2024-11-01 23:34:36'),
	(210, 'Thông báo kết quả bầu cử tại kỳ: 2024-10-22 12:12:12', '2024-11-11 12:07:21'),
	(211, 'Thông báo kết quả bầu cử tại kỳ: 2024-10-22 12:12:12', '2024-11-11 19:39:20'),
	(212, 'Thông báo kết quả bầu cử tại kỳ: 2024-11-29 04:14:47', '2024-11-25 21:12:25'),
	(213, 'Thông báo kết quả bầu cử tại kỳ: 2024-11-26 10:36:51', '2024-11-26 11:01:18'),
	(214, 'Ngày bầu cử sắp tới của bạn là 28/11/2024 11:11:11 SA.', '2024-11-26 12:49:59'),
	(215, 'Ngày bầu cử sắp tới của bạn là 28/11/2024 11:11:11 SA.', '2024-11-26 12:50:01'),
	(216, 'Ngày bầu cử sắp tới của bạn là 28/11/2024 11:11:11 SA.', '2024-11-26 12:50:01'),
	(217, 'Ngày bầu cử sắp tới của bạn là 28/11/2024 11:11:11 SA.', '2024-11-26 12:50:01'),
	(218, 'Ngày bầu cử sắp tới của bạn là 28/11/2024 11:11:11 SA.', '2024-11-26 12:50:01'),
	(219, 'Ngày bầu cử sắp tới của bạn là 28/11/2024 11:11:11 SA.', '2024-11-26 12:50:02'),
	(220, 'Ngày bầu cử sắp tới của bạn là 28/11/2024 11:11:11 SA.', '2024-11-26 12:50:02'),
	(221, 'Ngày bầu cử sắp tới của bạn là 28/11/2024 11:11:11 SA.', '2024-11-26 13:40:11'),
	(222, 'Ngày bầu cử sắp tới của bạn là 28/11/2024 11:11:11 SA.', '2024-11-26 13:40:12'),
	(223, 'Ngày bầu cử sắp tới của bạn là 28/11/2024 11:11:11 SA.', '2024-11-26 13:40:12'),
	(224, 'Ngày bầu cử sắp tới của bạn là 28/11/2024 11:11:11 SA.', '2024-11-26 13:40:12'),
	(225, 'Ngày bầu cử sắp tới của bạn là 28/11/2024 11:11:11 SA.', '2024-11-26 13:40:13'),
	(226, 'Ngày bầu cử sắp tới của bạn là 28/11/2024 11:11:11 SA.', '2024-11-26 13:40:13'),
	(227, 'Ngày bầu cử sắp tới của bạn là 28/11/2024 11:11:11 SA.', '2024-11-26 13:40:13'),
	(228, 'Ngày bầu cử sắp tới của bạn là 28/11/2024 11:11:11 SA.', '2024-11-26 13:54:29'),
	(229, 'Ngày bầu cử sắp tới của bạn là 28/11/2024 11:11:11 SA.', '2024-11-26 13:54:29'),
	(230, 'Ngày bầu cử sắp tới của bạn là 28/11/2024 11:11:11 SA.', '2024-11-26 13:54:29'),
	(231, 'Ngày bầu cử sắp tới của bạn là 28/11/2024 11:11:11 SA.', '2024-11-26 13:54:29'),
	(232, 'Ngày bầu cử sắp tới của bạn là 28/11/2024 11:10:10 SA.', '2024-11-26 13:54:29'),
	(233, 'Ngày bầu cử sắp tới của bạn là 28/11/2024 11:10:10 SA.', '2024-11-26 13:54:29'),
	(234, 'Ngày bầu cử sắp tới của bạn là 28/11/2024 11:10:10 SA.', '2024-11-26 13:54:29'),
	(235, 'Ngày bầu cử sắp tới của bạn là 28/11/2024 11:10:10 SA.', '2024-11-26 13:54:29'),
	(236, 'Ngày bầu cử sắp tới của bạn là 28/11/2024 11:10:10 SA.', '2024-11-26 13:54:29'),
	(237, 'Ngày bầu cử sắp tới của bạn là 28/11/2024 11:11:11 SA.', '2024-11-26 13:54:30'),
	(238, 'Ngày bầu cử sắp tới của bạn là 28/11/2024 11:11:11 SA.', '2024-11-26 13:54:30'),
	(239, 'Ngày bầu cử sắp tới của bạn là 28/11/2024 11:11:11 SA.', '2024-11-26 13:54:30'),
	(240, 'Ngày bầu cử sắp tới của bạn tham dự là 28/11/2024 11:11:11 SA.', '2024-11-26 15:30:39'),
	(241, 'Ngày bầu cử sắp tới của bạn tham dự là 28/11/2024 11:11:11 SA.', '2024-11-26 15:30:39'),
	(242, 'Ngày bầu cử sắp tới của bạn tham dự là 28/11/2024 11:11:11 SA.', '2024-11-26 15:30:40'),
	(243, 'Ngày bầu cử sắp tới của bạn tham dự là 28/11/2024 11:11:11 SA.', '2024-11-26 15:30:40'),
	(244, 'Ngày bầu cử sắp tới của bạn tham dự là 28/11/2024 11:11:11 SA.', '2024-11-26 15:30:40'),
	(245, 'Ngày bầu cử sắp tới của bạn tham dự là 28/11/2024 11:11:11 SA.', '2024-11-26 15:30:40'),
	(246, 'Ngày bầu cử sắp tới của bạn là 28/11/2024 11:11:11 SA.', '2024-11-26 15:30:40'),
	(247, 'Ngày bầu cử sắp tới của bạn là 28/11/2024 11:11:11 SA.', '2024-11-26 15:30:40'),
	(248, 'Ngày bầu cử sắp tới của bạn là 28/11/2024 11:11:11 SA.', '2024-11-26 15:30:40'),
	(249, 'Ngày bầu cử sắp tới của bạn là 28/11/2024 11:11:11 SA.', '2024-11-26 15:30:40'),
	(250, 'Ngày bầu cử sắp tới của bạn là 28/11/2024 11:10:10 SA.', '2024-11-26 15:30:40'),
	(251, 'Ngày bầu cử sắp tới của bạn là 28/11/2024 11:10:10 SA.', '2024-11-26 15:30:41'),
	(252, 'Ngày bầu cử sắp tới của bạn là 28/11/2024 11:10:10 SA.', '2024-11-26 15:30:41'),
	(253, 'Ngày bầu cử sắp tới của bạn là 28/11/2024 11:10:10 SA.', '2024-11-26 15:30:41'),
	(254, 'Ngày bầu cử sắp tới của bạn là 28/11/2024 11:10:10 SA.', '2024-11-26 15:30:41'),
	(255, 'Ngày bầu cử sắp tới của bạn là 28/11/2024 11:11:11 SA.', '2024-11-26 15:30:41'),
	(256, 'Ngày bầu cử sắp tới của bạn là 28/11/2024 11:11:11 SA.', '2024-11-26 15:30:41'),
	(257, 'Ngày bầu cử sắp tới của bạn là 28/11/2024 11:11:11 SA.', '2024-11-26 15:30:41'),
	(258, 'Ngày bầu cử sắp tới của bạn tham dự là 28/11/2024 11:11:11 SA.', '2024-11-26 15:35:41'),
	(259, 'Ngày bầu cử sắp tới của bạn tham dự là 28/11/2024 11:11:11 SA.', '2024-11-26 15:35:42'),
	(260, 'Ngày bầu cử sắp tới của bạn tham dự là 28/11/2024 11:11:11 SA.', '2024-11-26 15:35:42'),
	(261, 'Ngày bầu cử sắp tới của bạn tham dự là 28/11/2024 11:11:11 SA.', '2024-11-26 15:35:43'),
	(262, 'Ngày bầu cử sắp tới của bạn tham dự là 28/11/2024 11:11:11 SA.', '2024-11-26 15:35:43'),
	(263, 'Ngày bầu cử sắp tới của bạn tham dự là 28/11/2024 11:11:11 SA.', '2024-11-26 15:35:43'),
	(264, 'Ngày bầu cử sắp tới của bạn là 28/11/2024 11:11:11 SA.', '2024-11-26 15:35:44'),
	(265, 'Ngày bầu cử sắp tới của bạn là 28/11/2024 11:11:11 SA.', '2024-11-26 15:35:44'),
	(266, 'Ngày bầu cử sắp tới của bạn là 28/11/2024 11:11:11 SA.', '2024-11-26 15:35:44'),
	(267, 'Ngày bầu cử sắp tới của bạn là 28/11/2024 11:11:11 SA.', '2024-11-26 15:35:44'),
	(268, 'Ngày bầu cử sắp tới của bạn là 28/11/2024 11:10:10 SA.', '2024-11-26 15:35:44'),
	(269, 'Ngày bầu cử sắp tới của bạn là 28/11/2024 11:10:10 SA.', '2024-11-26 15:35:44'),
	(270, 'Ngày bầu cử sắp tới của bạn là 28/11/2024 11:10:10 SA.', '2024-11-26 15:35:45'),
	(271, 'Ngày bầu cử sắp tới của bạn là 28/11/2024 11:10:10 SA.', '2024-11-26 15:35:46'),
	(272, 'Ngày bầu cử sắp tới của bạn là 28/11/2024 11:10:10 SA.', '2024-11-26 15:35:47'),
	(273, 'Ngày bầu cử sắp tới của bạn là 28/11/2024 11:11:11 SA.', '2024-11-26 15:35:49'),
	(274, 'Ngày bầu cử sắp tới của bạn là 28/11/2024 11:11:11 SA.', '2024-11-26 15:35:49'),
	(275, 'Ngày bầu cử sắp tới của bạn là 28/11/2024 11:11:11 SA.', '2024-11-26 15:35:49'),
	(276, 'Ngày bầu cử sắp tới của bạn tham dự là 28/11/2024 11:11:11 SA.', '2024-11-26 15:58:05'),
	(277, 'Ngày bầu cử sắp tới của bạn tham dự là 28/11/2024 11:11:11 SA.', '2024-11-26 15:58:07'),
	(278, 'Ngày bầu cử sắp tới của bạn tham dự là 28/11/2024 11:11:11 SA.', '2024-11-26 15:58:09'),
	(279, 'Ngày bầu cử sắp tới của bạn tham dự là 28/11/2024 11:11:11 SA.', '2024-11-26 15:58:10'),
	(280, 'Ngày bầu cử sắp tới của bạn tham dự là 28/11/2024 11:11:11 SA.', '2024-11-26 15:58:13'),
	(281, 'Ngày bầu cử sắp tới của bạn tham dự là 28/11/2024 11:11:11 SA.', '2024-11-26 15:58:16'),
	(282, 'Ngày bầu cử sắp tới của bạn là 28/11/2024 11:11:11 SA.', '2024-11-26 15:58:19'),
	(283, 'Ngày bầu cử sắp tới của bạn là 28/11/2024 11:11:11 SA.', '2024-11-26 15:58:20'),
	(284, 'Ngày bầu cử sắp tới của bạn là 28/11/2024 11:11:11 SA.', '2024-11-26 15:58:20'),
	(285, 'Ngày bầu cử sắp tới của bạn là 28/11/2024 11:11:11 SA.', '2024-11-26 15:58:20'),
	(286, 'Ngày bầu cử sắp tới của bạn là 28/11/2024 11:10:10 SA.', '2024-11-26 15:58:20'),
	(287, 'Ngày bầu cử sắp tới của bạn là 28/11/2024 11:10:10 SA.', '2024-11-26 15:58:20'),
	(288, 'Ngày bầu cử sắp tới của bạn là 28/11/2024 11:10:10 SA.', '2024-11-26 15:58:21'),
	(289, 'Ngày bầu cử sắp tới của bạn là 28/11/2024 11:10:10 SA.', '2024-11-26 15:58:21'),
	(290, 'Ngày bầu cử sắp tới của bạn là 28/11/2024 11:10:10 SA.', '2024-11-26 15:58:22'),
	(291, 'Ngày bầu cử sắp tới của bạn là 28/11/2024 11:11:11 SA.', '2024-11-26 15:58:22'),
	(292, 'Ngày bầu cử sắp tới của bạn là 28/11/2024 11:11:11 SA.', '2024-11-26 15:58:23'),
	(293, 'Ngày bầu cử sắp tới của bạn là 28/11/2024 11:11:11 SA.', '2024-11-26 15:58:23'),
	(294, 'Ngày bầu cử sắp tới của bạn tham dự là 28/11/2024 11:11:11 SA.', '2024-11-26 16:06:51'),
	(295, 'Ngày bầu cử sắp tới của bạn tham dự là 28/11/2024 11:11:11 SA.', '2024-11-26 16:06:51'),
	(296, 'Ngày bầu cử sắp tới của bạn tham dự là 28/11/2024 11:11:11 SA.', '2024-11-26 16:06:51'),
	(297, 'Ngày bầu cử sắp tới của bạn tham dự là 28/11/2024 11:11:11 SA.', '2024-11-26 16:06:52'),
	(298, 'Ngày bầu cử sắp tới của bạn tham dự là 28/11/2024 11:11:11 SA.', '2024-11-26 16:06:52'),
	(299, 'Ngày bầu cử sắp tới của bạn tham dự là 28/11/2024 11:11:11 SA.', '2024-11-26 16:06:52'),
	(300, 'Ngày bầu cử sắp tới của bạn là 28/11/2024 11:11:11 SA.', '2024-11-26 16:06:52'),
	(301, 'Ngày bầu cử sắp tới của bạn là 28/11/2024 11:11:11 SA.', '2024-11-26 16:06:52'),
	(302, 'Ngày bầu cử sắp tới của bạn là 28/11/2024 11:11:11 SA.', '2024-11-26 16:06:52'),
	(303, 'Ngày bầu cử sắp tới của bạn là 28/11/2024 11:11:11 SA.', '2024-11-26 16:06:52'),
	(304, 'Ngày bầu cử sắp tới của bạn là 28/11/2024 11:10:10 SA.', '2024-11-26 16:06:52'),
	(305, 'Ngày bầu cử sắp tới của bạn là 28/11/2024 11:10:10 SA.', '2024-11-26 16:06:53'),
	(306, 'Ngày bầu cử sắp tới của bạn là 28/11/2024 11:10:10 SA.', '2024-11-26 16:06:53'),
	(307, 'Ngày bầu cử sắp tới của bạn là 28/11/2024 11:10:10 SA.', '2024-11-26 16:06:53'),
	(308, 'Ngày bầu cử sắp tới của bạn là 28/11/2024 11:10:10 SA.', '2024-11-26 16:06:53'),
	(309, 'Ngày bầu cử sắp tới của bạn là 28/11/2024 11:11:11 SA.', '2024-11-26 16:06:53'),
	(310, 'Ngày bầu cử sắp tới của bạn là 28/11/2024 11:11:11 SA.', '2024-11-26 16:06:53'),
	(311, 'Ngày bầu cử sắp tới của bạn là 28/11/2024 11:11:11 SA.', '2024-11-26 16:06:53'),
	(312, 'Ngày bầu cử sắp tới của bạn tham dự là 28/11/2024 11:11:11 SA.', '2024-11-26 19:03:57'),
	(313, 'Ngày bầu cử sắp tới của bạn tham dự là 28/11/2024 11:11:11 SA.', '2024-11-26 19:03:58'),
	(314, 'Ngày bầu cử sắp tới của bạn tham dự là 28/11/2024 11:11:11 SA.', '2024-11-26 19:03:59'),
	(315, 'Ngày bầu cử sắp tới của bạn tham dự là 28/11/2024 11:11:11 SA.', '2024-11-26 19:03:59'),
	(316, 'Ngày bầu cử sắp tới của bạn tham dự là 28/11/2024 11:11:11 SA.', '2024-11-26 19:03:59'),
	(317, 'Ngày bầu cử sắp tới của bạn tham dự là 28/11/2024 11:11:11 SA.', '2024-11-26 19:03:59'),
	(318, 'Ngày bầu cử sắp tới của bạn là 28/11/2024 11:11:11 SA.', '2024-11-26 19:04:00'),
	(319, 'Ngày bầu cử sắp tới của bạn là 28/11/2024 11:11:11 SA.', '2024-11-26 19:04:00'),
	(320, 'Ngày bầu cử sắp tới của bạn là 28/11/2024 11:11:11 SA.', '2024-11-26 19:04:00'),
	(321, 'Ngày bầu cử sắp tới của bạn là 28/11/2024 11:11:11 SA.', '2024-11-26 19:04:00'),
	(322, 'Ngày bầu cử sắp tới của bạn là 28/11/2024 11:10:10 SA.', '2024-11-26 19:04:01'),
	(323, 'Ngày bầu cử sắp tới của bạn là 28/11/2024 11:10:10 SA.', '2024-11-26 19:04:01'),
	(324, 'Ngày bầu cử sắp tới của bạn là 28/11/2024 11:10:10 SA.', '2024-11-26 19:04:01'),
	(325, 'Ngày bầu cử sắp tới của bạn là 28/11/2024 11:10:10 SA.', '2024-11-26 19:04:01'),
	(326, 'Ngày bầu cử sắp tới của bạn là 28/11/2024 11:10:10 SA.', '2024-11-26 19:04:01'),
	(327, 'Ngày bầu cử sắp tới của bạn là 28/11/2024 11:11:11 SA.', '2024-11-26 19:04:02'),
	(328, 'Ngày bầu cử sắp tới của bạn là 28/11/2024 11:11:11 SA.', '2024-11-26 19:04:02'),
	(329, 'Ngày bầu cử sắp tới của bạn là 28/11/2024 11:11:11 SA.', '2024-11-26 19:04:02'),
	(330, 'Ngày bầu cử sắp tới của bạn tham dự là 28/11/2024 11:11:11 SA.', '2024-11-26 19:14:23'),
	(331, 'Ngày bầu cử sắp tới của bạn tham dự là 28/11/2024 11:11:11 SA.', '2024-11-26 19:14:23'),
	(332, 'Ngày bầu cử sắp tới của bạn tham dự là 28/11/2024 11:11:11 SA.', '2024-11-26 19:14:24'),
	(333, 'Ngày bầu cử sắp tới của bạn tham dự là 28/11/2024 11:11:11 SA.', '2024-11-26 19:14:24'),
	(334, 'Ngày bầu cử sắp tới của bạn tham dự là 28/11/2024 11:11:11 SA.', '2024-11-26 19:14:24'),
	(335, 'Ngày bầu cử sắp tới của bạn tham dự là 28/11/2024 11:11:11 SA.', '2024-11-26 19:14:24'),
	(336, 'Ngày bầu cử sắp tới của bạn là 28/11/2024 11:11:11 SA.', '2024-11-26 19:14:24'),
	(337, 'Ngày bầu cử sắp tới của bạn là 28/11/2024 11:11:11 SA.', '2024-11-26 19:14:24'),
	(338, 'Ngày bầu cử sắp tới của bạn là 28/11/2024 11:11:11 SA.', '2024-11-26 19:14:25'),
	(339, 'Ngày bầu cử sắp tới của bạn là 28/11/2024 11:11:11 SA.', '2024-11-26 19:14:25'),
	(340, 'Ngày bầu cử sắp tới của bạn là 28/11/2024 11:10:10 SA.', '2024-11-26 19:14:25'),
	(341, 'Ngày bầu cử sắp tới của bạn là 28/11/2024 11:10:10 SA.', '2024-11-26 19:14:25'),
	(342, 'Ngày bầu cử sắp tới của bạn là 28/11/2024 11:10:10 SA.', '2024-11-26 19:14:25'),
	(343, 'Ngày bầu cử sắp tới của bạn là 28/11/2024 11:10:10 SA.', '2024-11-26 19:14:25'),
	(344, 'Ngày bầu cử sắp tới của bạn là 28/11/2024 11:10:10 SA.', '2024-11-26 19:14:25'),
	(345, 'Ngày bầu cử sắp tới của bạn là 28/11/2024 11:11:11 SA.', '2024-11-26 19:14:25'),
	(346, 'Ngày bầu cử sắp tới của bạn là 28/11/2024 11:11:11 SA.', '2024-11-26 19:14:25'),
	(347, 'Ngày bầu cử sắp tới của bạn là 28/11/2024 11:11:11 SA.', '2024-11-26 19:14:25'),
	(348, 'Ngày bầu cử sắp tới của bạn tham dự là 28/11/2024 11:11:11 SA.', '2024-11-26 19:18:52'),
	(349, 'Ngày bầu cử sắp tới của bạn tham dự là 28/11/2024 11:11:11 SA.', '2024-11-26 19:18:52'),
	(350, 'Ngày bầu cử sắp tới của bạn tham dự là 28/11/2024 11:11:11 SA.', '2024-11-26 19:18:52'),
	(351, 'Ngày bầu cử sắp tới của bạn tham dự là 28/11/2024 11:11:11 SA.', '2024-11-26 19:18:52'),
	(352, 'Ngày bầu cử sắp tới của bạn tham dự là 28/11/2024 11:11:11 SA.', '2024-11-26 19:18:52'),
	(353, 'Ngày bầu cử sắp tới của bạn tham dự là 28/11/2024 11:11:11 SA.', '2024-11-26 19:18:52'),
	(354, 'Ngày bầu cử sắp tới của bạn là 28/11/2024 11:11:11 SA.', '2024-11-26 19:18:52'),
	(355, 'Ngày bầu cử sắp tới của bạn là 28/11/2024 11:11:11 SA.', '2024-11-26 19:18:52'),
	(356, 'Ngày bầu cử sắp tới của bạn là 28/11/2024 11:11:11 SA.', '2024-11-26 19:18:53'),
	(357, 'Ngày bầu cử sắp tới của bạn là 28/11/2024 11:11:11 SA.', '2024-11-26 19:18:53'),
	(358, 'Ngày bầu cử sắp tới của bạn là 28/11/2024 11:10:10 SA.', '2024-11-26 19:18:53'),
	(359, 'Ngày bầu cử sắp tới của bạn là 28/11/2024 11:10:10 SA.', '2024-11-26 19:18:53'),
	(360, 'Ngày bầu cử sắp tới của bạn là 28/11/2024 11:10:10 SA.', '2024-11-26 19:18:53'),
	(361, 'Ngày bầu cử sắp tới của bạn là 28/11/2024 11:10:10 SA.', '2024-11-26 19:18:53'),
	(362, 'Ngày bầu cử sắp tới của bạn là 28/11/2024 11:10:10 SA.', '2024-11-26 19:18:53'),
	(363, 'Ngày bầu cử sắp tới của bạn là 28/11/2024 11:11:11 SA.', '2024-11-26 19:18:53'),
	(364, 'Ngày bầu cử sắp tới của bạn là 28/11/2024 11:11:11 SA.', '2024-11-26 19:18:53'),
	(365, 'Ngày bầu cử sắp tới của bạn là 28/11/2024 11:11:11 SA.', '2024-11-26 19:18:53'),
	(366, 'Ngày bầu cử sắp tới của bạn tham dự là 28/11/2024 11:11:11 SA.', '2024-11-26 19:20:18'),
	(367, 'Ngày bầu cử sắp tới của bạn tham dự là 28/11/2024 11:11:11 SA.', '2024-11-26 19:20:18'),
	(368, 'Ngày bầu cử sắp tới của bạn tham dự là 28/11/2024 11:11:11 SA.', '2024-11-26 19:20:18'),
	(369, 'Ngày bầu cử sắp tới của bạn tham dự là 28/11/2024 11:11:11 SA.', '2024-11-26 19:20:18'),
	(370, 'Ngày bầu cử sắp tới của bạn tham dự là 28/11/2024 11:11:11 SA.', '2024-11-26 19:20:18'),
	(371, 'Ngày bầu cử sắp tới của bạn tham dự là 28/11/2024 11:11:11 SA.', '2024-11-26 19:20:18'),
	(372, 'Ngày bầu cử sắp tới của bạn là 28/11/2024 11:11:11 SA.', '2024-11-26 19:20:19'),
	(373, 'Ngày bầu cử sắp tới của bạn là 28/11/2024 11:11:11 SA.', '2024-11-26 19:20:19'),
	(374, 'Ngày bầu cử sắp tới của bạn là 28/11/2024 11:11:11 SA.', '2024-11-26 19:20:19'),
	(375, 'Ngày bầu cử sắp tới của bạn là 28/11/2024 11:11:11 SA.', '2024-11-26 19:20:19'),
	(376, 'Ngày bầu cử sắp tới của bạn là 28/11/2024 11:10:10 SA.', '2024-11-26 19:20:19'),
	(377, 'Ngày bầu cử sắp tới của bạn là 28/11/2024 11:10:10 SA.', '2024-11-26 19:20:20'),
	(378, 'Ngày bầu cử sắp tới của bạn là 28/11/2024 11:10:10 SA.', '2024-11-26 19:20:20'),
	(379, 'Ngày bầu cử sắp tới của bạn là 28/11/2024 11:10:10 SA.', '2024-11-26 19:20:20'),
	(380, 'Ngày bầu cử sắp tới của bạn là 28/11/2024 11:10:10 SA.', '2024-11-26 19:20:20'),
	(381, 'Ngày bầu cử sắp tới của bạn là 28/11/2024 11:11:11 SA.', '2024-11-26 19:20:20'),
	(382, 'Ngày bầu cử sắp tới của bạn là 28/11/2024 11:11:11 SA.', '2024-11-26 19:20:20'),
	(383, 'Ngày bầu cử sắp tới của bạn là 28/11/2024 11:11:11 SA.', '2024-11-26 19:20:21'),
	(384, 'Ngày bầu cử sắp tới của bạn tham dự là 28/11/2024 11:11:11 SA.', '2024-11-26 19:29:15'),
	(385, 'Ngày bầu cử sắp tới của bạn tham dự là 28/11/2024 11:11:11 SA.', '2024-11-26 19:29:16'),
	(386, 'Ngày bầu cử sắp tới của bạn tham dự là 28/11/2024 11:11:11 SA.', '2024-11-26 19:29:16'),
	(387, 'Ngày bầu cử sắp tới của bạn tham dự là 28/11/2024 11:11:11 SA.', '2024-11-26 19:29:16'),
	(388, 'Ngày bầu cử sắp tới của bạn tham dự là 28/11/2024 11:11:11 SA.', '2024-11-26 19:29:16'),
	(389, 'Ngày bầu cử sắp tới của bạn tham dự là 28/11/2024 11:11:11 SA.', '2024-11-26 19:29:16'),
	(390, 'Ngày bầu cử sắp tới của bạn là 28/11/2024 11:11:11 SA.', '2024-11-26 19:29:16'),
	(391, 'Ngày bầu cử sắp tới của bạn là 28/11/2024 11:11:11 SA.', '2024-11-26 19:29:16'),
	(392, 'Ngày bầu cử sắp tới của bạn là 28/11/2024 11:11:11 SA.', '2024-11-26 19:29:16'),
	(393, 'Ngày bầu cử sắp tới của bạn là 28/11/2024 11:11:11 SA.', '2024-11-26 19:29:17'),
	(394, 'Ngày bầu cử sắp tới của bạn là 28/11/2024 11:10:10 SA.', '2024-11-26 19:29:17'),
	(395, 'Ngày bầu cử sắp tới của bạn là 28/11/2024 11:10:10 SA.', '2024-11-26 19:29:17'),
	(396, 'Ngày bầu cử sắp tới của bạn là 28/11/2024 11:10:10 SA.', '2024-11-26 19:29:17'),
	(397, 'Ngày bầu cử sắp tới của bạn là 28/11/2024 11:10:10 SA.', '2024-11-26 19:29:17'),
	(398, 'Ngày bầu cử sắp tới của bạn là 28/11/2024 11:10:10 SA.', '2024-11-26 19:29:17'),
	(399, 'Ngày bầu cử sắp tới của bạn là 28/11/2024 11:11:11 SA.', '2024-11-26 19:29:17'),
	(400, 'Ngày bầu cử sắp tới của bạn là 28/11/2024 11:11:11 SA.', '2024-11-26 19:29:17'),
	(401, 'Ngày bầu cử sắp tới của bạn là 28/11/2024 11:11:11 SA.', '2024-11-26 19:29:17'),
	(402, 'Ngày bầu cử sắp tới của bạn tham dự là 28/11/2024 11:11:11 SA.', '2024-11-26 19:34:54'),
	(403, 'Ngày bầu cử sắp tới của bạn tham dự là 28/11/2024 11:11:11 SA.', '2024-11-26 19:34:54'),
	(404, 'Ngày bầu cử sắp tới của bạn tham dự là 28/11/2024 11:11:11 SA.', '2024-11-26 19:34:54'),
	(405, 'Ngày bầu cử sắp tới của bạn tham dự là 28/11/2024 11:11:11 SA.', '2024-11-26 19:34:54'),
	(406, 'Ngày bầu cử sắp tới của bạn tham dự là 28/11/2024 11:11:11 SA.', '2024-11-26 19:34:54'),
	(407, 'Ngày bầu cử sắp tới của bạn tham dự là 28/11/2024 11:11:11 SA.', '2024-11-26 19:34:54'),
	(408, 'Ngày bầu cử sắp tới của bạn là 28/11/2024 11:11:11 SA.', '2024-11-26 19:34:55'),
	(409, 'Ngày bầu cử sắp tới của bạn là 28/11/2024 11:11:11 SA.', '2024-11-26 19:34:55'),
	(410, 'Ngày bầu cử sắp tới của bạn là 28/11/2024 11:11:11 SA.', '2024-11-26 19:34:55'),
	(411, 'Ngày bầu cử sắp tới của bạn là 28/11/2024 11:11:11 SA.', '2024-11-26 19:34:55'),
	(412, 'Ngày bầu cử sắp tới của bạn là 28/11/2024 11:10:10 SA.', '2024-11-26 19:34:55'),
	(413, 'Ngày bầu cử sắp tới của bạn là 28/11/2024 11:10:10 SA.', '2024-11-26 19:34:55'),
	(414, 'Ngày bầu cử sắp tới của bạn là 28/11/2024 11:10:10 SA.', '2024-11-26 19:34:55'),
	(415, 'Ngày bầu cử sắp tới của bạn là 28/11/2024 11:10:10 SA.', '2024-11-26 19:34:55'),
	(416, 'Ngày bầu cử sắp tới của bạn là 28/11/2024 11:10:10 SA.', '2024-11-26 19:34:55'),
	(417, 'Ngày bầu cử sắp tới của bạn là 28/11/2024 11:11:11 SA.', '2024-11-26 19:34:56'),
	(418, 'Ngày bầu cử sắp tới của bạn là 28/11/2024 11:11:11 SA.', '2024-11-26 19:34:56'),
	(419, 'Ngày bầu cử sắp tới của bạn là 28/11/2024 11:11:11 SA.', '2024-11-26 19:34:56'),
	(420, 'Ngày bầu cử sắp tới của bạn tham dự là 28/11/2024 11:11:11 SA.', '2024-11-26 19:38:55'),
	(421, 'Ngày bầu cử sắp tới của bạn tham dự là 28/11/2024 11:11:11 SA.', '2024-11-26 19:38:55'),
	(422, 'Ngày bầu cử sắp tới của bạn tham dự là 28/11/2024 11:11:11 SA.', '2024-11-26 19:38:55'),
	(423, 'Ngày bầu cử sắp tới của bạn tham dự là 28/11/2024 11:11:11 SA.', '2024-11-26 19:38:55'),
	(424, 'Ngày bầu cử sắp tới của bạn tham dự là 28/11/2024 11:11:11 SA.', '2024-11-26 19:38:55'),
	(425, 'Ngày bầu cử sắp tới của bạn tham dự là 28/11/2024 11:11:11 SA.', '2024-11-26 19:38:55'),
	(426, 'Ngày bầu cử sắp tới của bạn là 28/11/2024 11:11:11 SA.', '2024-11-26 19:38:55'),
	(427, 'Ngày bầu cử sắp tới của bạn là 28/11/2024 11:11:11 SA.', '2024-11-26 19:38:55'),
	(428, 'Ngày bầu cử sắp tới của bạn là 28/11/2024 11:11:11 SA.', '2024-11-26 19:38:56'),
	(429, 'Ngày bầu cử sắp tới của bạn là 28/11/2024 11:11:11 SA.', '2024-11-26 19:38:56'),
	(430, 'Ngày bầu cử sắp tới của bạn là 28/11/2024 11:10:10 SA.', '2024-11-26 19:38:56'),
	(431, 'Ngày bầu cử sắp tới của bạn là 28/11/2024 11:10:10 SA.', '2024-11-26 19:38:56'),
	(432, 'Ngày bầu cử sắp tới của bạn là 28/11/2024 11:10:10 SA.', '2024-11-26 19:38:56'),
	(433, 'Ngày bầu cử sắp tới của bạn là 28/11/2024 11:10:10 SA.', '2024-11-26 19:38:56'),
	(434, 'Ngày bầu cử sắp tới của bạn là 28/11/2024 11:10:10 SA.', '2024-11-26 19:38:56'),
	(435, 'Ngày bầu cử sắp tới của bạn là 28/11/2024 11:11:11 SA.', '2024-11-26 19:38:56'),
	(436, 'Ngày bầu cử sắp tới của bạn là 28/11/2024 11:11:11 SA.', '2024-11-26 19:38:56'),
	(437, 'Ngày bầu cử sắp tới của bạn là 28/11/2024 11:11:11 SA.', '2024-11-26 19:38:56'),
	(438, 'Ngày bầu cử sắp tới của bạn tham dự là 28/11/2024 11:11:11 SA.', '2024-11-26 20:57:43'),
	(439, 'Ngày bầu cử sắp tới của bạn tham dự là 28/11/2024 11:11:11 SA.', '2024-11-26 20:57:44'),
	(440, 'Ngày bầu cử sắp tới của bạn tham dự là 28/11/2024 11:11:11 SA.', '2024-11-26 20:57:45'),
	(441, 'Ngày bầu cử sắp tới của bạn tham dự là 28/11/2024 11:11:11 SA.', '2024-11-26 20:57:45'),
	(442, 'Ngày bầu cử sắp tới của bạn tham dự là 28/11/2024 11:11:11 SA.', '2024-11-26 20:57:45'),
	(443, 'Ngày bầu cử sắp tới của bạn tham dự là 28/11/2024 11:11:11 SA.', '2024-11-26 20:57:45'),
	(444, 'Ngày bầu cử sắp tới của bạn là 28/11/2024 11:11:11 SA.', '2024-11-26 20:57:46'),
	(445, 'Ngày bầu cử sắp tới của bạn là 28/11/2024 11:11:11 SA.', '2024-11-26 20:57:46'),
	(446, 'Ngày bầu cử sắp tới của bạn là 28/11/2024 11:11:11 SA.', '2024-11-26 20:57:46'),
	(447, 'Ngày bầu cử sắp tới của bạn là 28/11/2024 11:11:11 SA.', '2024-11-26 20:57:46'),
	(448, 'Ngày bầu cử sắp tới của bạn là 28/11/2024 11:10:10 SA.', '2024-11-26 20:57:46'),
	(449, 'Ngày bầu cử sắp tới của bạn là 28/11/2024 11:10:10 SA.', '2024-11-26 20:57:46'),
	(450, 'Ngày bầu cử sắp tới của bạn là 28/11/2024 11:10:10 SA.', '2024-11-26 20:57:46'),
	(451, 'Ngày bầu cử sắp tới của bạn là 28/11/2024 11:10:10 SA.', '2024-11-26 20:57:46'),
	(452, 'Ngày bầu cử sắp tới của bạn là 28/11/2024 11:10:10 SA.', '2024-11-26 20:57:47'),
	(453, 'Ngày bầu cử sắp tới của bạn là 28/11/2024 11:11:11 SA.', '2024-11-26 20:57:47'),
	(454, 'Ngày bầu cử sắp tới của bạn là 28/11/2024 11:11:11 SA.', '2024-11-26 20:57:47'),
	(455, 'Ngày bầu cử sắp tới của bạn là 28/11/2024 11:11:11 SA.', '2024-11-26 20:57:47'),
	(456, 'Ngày bầu cử sắp tới của bạn tham dự là 28/11/2024 11:11:11 SA.', '2024-11-26 23:26:12'),
	(457, 'Ngày bầu cử sắp tới của bạn tham dự là 28/11/2024 11:11:11 SA.', '2024-11-26 23:26:13'),
	(458, 'Ngày bầu cử sắp tới của bạn tham dự là 28/11/2024 11:11:11 SA.', '2024-11-26 23:26:13'),
	(459, 'Ngày bầu cử sắp tới của bạn tham dự là 28/11/2024 11:11:11 SA.', '2024-11-26 23:26:13'),
	(460, 'Ngày bầu cử sắp tới của bạn tham dự là 28/11/2024 11:11:11 SA.', '2024-11-26 23:26:13'),
	(461, 'Ngày bầu cử sắp tới của bạn tham dự là 28/11/2024 11:11:11 SA.', '2024-11-26 23:26:13'),
	(462, 'Ngày bầu cử sắp tới của bạn là 28/11/2024 11:11:11 SA.', '2024-11-26 23:26:13'),
	(463, 'Ngày bầu cử sắp tới của bạn là 28/11/2024 11:11:11 SA.', '2024-11-26 23:26:13'),
	(464, 'Ngày bầu cử sắp tới của bạn là 28/11/2024 11:11:11 SA.', '2024-11-26 23:26:13'),
	(465, 'Ngày bầu cử sắp tới của bạn là 28/11/2024 11:11:11 SA.', '2024-11-26 23:26:13'),
	(466, 'Ngày bầu cử sắp tới của bạn là 28/11/2024 11:10:10 SA.', '2024-11-26 23:26:14'),
	(467, 'Ngày bầu cử sắp tới của bạn là 28/11/2024 11:10:10 SA.', '2024-11-26 23:26:14'),
	(468, 'Ngày bầu cử sắp tới của bạn là 28/11/2024 11:10:10 SA.', '2024-11-26 23:26:14'),
	(469, 'Ngày bầu cử sắp tới của bạn là 28/11/2024 11:10:10 SA.', '2024-11-26 23:26:14'),
	(470, 'Ngày bầu cử sắp tới của bạn là 28/11/2024 11:10:10 SA.', '2024-11-26 23:26:14'),
	(471, 'Ngày bầu cử sắp tới của bạn là 28/11/2024 11:11:11 SA.', '2024-11-26 23:26:14'),
	(472, 'Ngày bầu cử sắp tới của bạn là 28/11/2024 11:11:11 SA.', '2024-11-26 23:26:14'),
	(473, 'Ngày bầu cử sắp tới của bạn là 28/11/2024 11:11:11 SA.', '2024-11-26 23:26:14'),
	(474, 'Ngày bầu cử sắp tới của bạn tham dự là 28/11/2024 11:11:11 SA.', '2024-11-26 23:46:44'),
	(475, 'Ngày bầu cử sắp tới của bạn tham dự là 28/11/2024 11:11:11 SA.', '2024-11-26 23:46:44'),
	(476, 'Ngày bầu cử sắp tới của bạn tham dự là 28/11/2024 11:11:11 SA.', '2024-11-26 23:46:44'),
	(477, 'Ngày bầu cử sắp tới của bạn tham dự là 28/11/2024 11:11:11 SA.', '2024-11-26 23:46:44'),
	(478, 'Ngày bầu cử sắp tới của bạn tham dự là 28/11/2024 11:11:11 SA.', '2024-11-26 23:46:44'),
	(479, 'Ngày bầu cử sắp tới của bạn tham dự là 28/11/2024 11:11:11 SA.', '2024-11-26 23:46:44'),
	(480, 'Ngày bầu cử sắp tới của bạn là 28/11/2024 11:11:11 SA.', '2024-11-26 23:46:45'),
	(481, 'Ngày bầu cử sắp tới của bạn là 28/11/2024 11:11:11 SA.', '2024-11-26 23:46:45'),
	(482, 'Ngày bầu cử sắp tới của bạn là 28/11/2024 11:11:11 SA.', '2024-11-26 23:46:45'),
	(483, 'Ngày bầu cử sắp tới của bạn là 28/11/2024 11:11:11 SA.', '2024-11-26 23:46:45'),
	(484, 'Ngày bầu cử sắp tới của bạn là 28/11/2024 11:10:10 SA.', '2024-11-26 23:46:45'),
	(485, 'Ngày bầu cử sắp tới của bạn là 28/11/2024 11:10:10 SA.', '2024-11-26 23:46:45'),
	(486, 'Ngày bầu cử sắp tới của bạn là 28/11/2024 11:10:10 SA.', '2024-11-26 23:46:45'),
	(487, 'Ngày bầu cử sắp tới của bạn là 28/11/2024 11:10:10 SA.', '2024-11-26 23:46:45'),
	(488, 'Ngày bầu cử sắp tới của bạn là 28/11/2024 11:10:10 SA.', '2024-11-26 23:46:45'),
	(489, 'Ngày bầu cử sắp tới của bạn là 28/11/2024 11:11:11 SA.', '2024-11-26 23:46:46'),
	(490, 'Ngày bầu cử sắp tới của bạn là 28/11/2024 11:11:11 SA.', '2024-11-26 23:46:46'),
	(491, 'Ngày bầu cử sắp tới của bạn là 28/11/2024 11:11:11 SA.', '2024-11-26 23:46:46'),
	(492, 'Ngày bầu cử sắp tới của bạn tham dự là 28/11/2024 11:11:11 SA.', '2024-11-26 23:52:15'),
	(493, 'Ngày bầu cử sắp tới của bạn tham dự là 28/11/2024 11:11:11 SA.', '2024-11-26 23:52:15'),
	(494, 'Ngày bầu cử sắp tới của bạn tham dự là 28/11/2024 11:11:11 SA.', '2024-11-26 23:52:15'),
	(495, 'Ngày bầu cử sắp tới của bạn tham dự là 28/11/2024 11:11:11 SA.', '2024-11-26 23:52:15'),
	(496, 'Ngày bầu cử sắp tới của bạn tham dự là 28/11/2024 11:11:11 SA.', '2024-11-26 23:52:16'),
	(497, 'Ngày bầu cử sắp tới của bạn tham dự là 28/11/2024 11:11:11 SA.', '2024-11-26 23:52:16'),
	(498, 'Ngày bầu cử sắp tới của bạn là 28/11/2024 11:11:11 SA.', '2024-11-26 23:52:16'),
	(499, 'Ngày bầu cử sắp tới của bạn là 28/11/2024 11:11:11 SA.', '2024-11-26 23:52:16'),
	(500, 'Ngày bầu cử sắp tới của bạn là 28/11/2024 11:11:11 SA.', '2024-11-26 23:52:16'),
	(501, 'Ngày bầu cử sắp tới của bạn là 28/11/2024 11:11:11 SA.', '2024-11-26 23:52:16'),
	(502, 'Ngày bầu cử sắp tới của bạn là 28/11/2024 11:10:10 SA.', '2024-11-26 23:52:16'),
	(503, 'Ngày bầu cử sắp tới của bạn là 28/11/2024 11:10:10 SA.', '2024-11-26 23:52:16'),
	(504, 'Ngày bầu cử sắp tới của bạn là 28/11/2024 11:10:10 SA.', '2024-11-26 23:52:17'),
	(505, 'Ngày bầu cử sắp tới của bạn là 28/11/2024 11:10:10 SA.', '2024-11-26 23:52:17'),
	(506, 'Ngày bầu cử sắp tới của bạn là 28/11/2024 11:10:10 SA.', '2024-11-26 23:52:17'),
	(507, 'Ngày bầu cử sắp tới của bạn là 28/11/2024 11:11:11 SA.', '2024-11-26 23:52:17'),
	(508, 'Ngày bầu cử sắp tới của bạn là 28/11/2024 11:11:11 SA.', '2024-11-26 23:52:17'),
	(509, 'Ngày bầu cử sắp tới của bạn là 28/11/2024 11:11:11 SA.', '2024-11-26 23:52:17'),
	(510, 'Ngày bầu cử sắp tới của bạn tham dự là 28/11/2024 11:11:11 SA.', '2024-11-26 23:57:20'),
	(511, 'Ngày bầu cử sắp tới của bạn tham dự là 28/11/2024 11:11:11 SA.', '2024-11-26 23:57:20'),
	(512, 'Ngày bầu cử sắp tới của bạn tham dự là 28/11/2024 11:11:11 SA.', '2024-11-26 23:57:21'),
	(513, 'Ngày bầu cử sắp tới của bạn tham dự là 28/11/2024 11:11:11 SA.', '2024-11-26 23:57:21'),
	(514, 'Ngày bầu cử sắp tới của bạn tham dự là 28/11/2024 11:11:11 SA.', '2024-11-26 23:57:21'),
	(515, 'Ngày bầu cử sắp tới của bạn tham dự là 28/11/2024 11:11:11 SA.', '2024-11-26 23:57:21'),
	(516, 'Ngày bầu cử sắp tới của bạn là 28/11/2024 11:11:11 SA.', '2024-11-26 23:57:22'),
	(517, 'Ngày bầu cử sắp tới của bạn là 28/11/2024 11:11:11 SA.', '2024-11-26 23:57:22'),
	(518, 'Ngày bầu cử sắp tới của bạn là 28/11/2024 11:11:11 SA.', '2024-11-26 23:57:22'),
	(519, 'Ngày bầu cử sắp tới của bạn là 28/11/2024 11:11:11 SA.', '2024-11-26 23:57:23'),
	(520, 'Ngày bầu cử sắp tới của bạn là 28/11/2024 11:10:10 SA.', '2024-11-26 23:57:23'),
	(521, 'Ngày bầu cử sắp tới của bạn là 28/11/2024 11:10:10 SA.', '2024-11-26 23:57:24'),
	(522, 'Ngày bầu cử sắp tới của bạn là 28/11/2024 11:10:10 SA.', '2024-11-26 23:57:24'),
	(523, 'Ngày bầu cử sắp tới của bạn là 28/11/2024 11:10:10 SA.', '2024-11-26 23:57:24'),
	(524, 'Ngày bầu cử sắp tới của bạn là 28/11/2024 11:10:10 SA.', '2024-11-26 23:57:24'),
	(525, 'Ngày bầu cử sắp tới của bạn là 28/11/2024 11:11:11 SA.', '2024-11-26 23:57:25'),
	(526, 'Ngày bầu cử sắp tới của bạn là 28/11/2024 11:11:11 SA.', '2024-11-26 23:57:25'),
	(527, 'Ngày bầu cử sắp tới của bạn là 28/11/2024 11:11:11 SA.', '2024-11-26 23:57:25'),
	(528, 'Ngày bầu cử sắp tới của bạn tham dự là 28/11/2024 11:11:11 SA.', '2024-11-26 23:59:23'),
	(529, 'Ngày bầu cử sắp tới của bạn tham dự là 28/11/2024 11:11:11 SA.', '2024-11-26 23:59:23'),
	(530, 'Ngày bầu cử sắp tới của bạn tham dự là 28/11/2024 11:11:11 SA.', '2024-11-26 23:59:23'),
	(531, 'Ngày bầu cử sắp tới của bạn tham dự là 28/11/2024 11:11:11 SA.', '2024-11-26 23:59:23'),
	(532, 'Ngày bầu cử sắp tới của bạn tham dự là 28/11/2024 11:11:11 SA.', '2024-11-26 23:59:23'),
	(533, 'Ngày bầu cử sắp tới của bạn tham dự là 28/11/2024 11:11:11 SA.', '2024-11-26 23:59:23'),
	(534, 'Ngày bầu cử sắp tới của bạn là 28/11/2024 11:11:11 SA.', '2024-11-26 23:59:23'),
	(535, 'Ngày bầu cử sắp tới của bạn là 28/11/2024 11:11:11 SA.', '2024-11-26 23:59:23'),
	(536, 'Ngày bầu cử sắp tới của bạn là 28/11/2024 11:11:11 SA.', '2024-11-26 23:59:23'),
	(537, 'Ngày bầu cử sắp tới của bạn là 28/11/2024 11:11:11 SA.', '2024-11-26 23:59:23'),
	(538, 'Ngày bầu cử sắp tới của bạn là 28/11/2024 11:10:10 SA.', '2024-11-26 23:59:24'),
	(539, 'Ngày bầu cử sắp tới của bạn là 28/11/2024 11:10:10 SA.', '2024-11-26 23:59:24'),
	(540, 'Ngày bầu cử sắp tới của bạn là 28/11/2024 11:10:10 SA.', '2024-11-26 23:59:24'),
	(541, 'Ngày bầu cử sắp tới của bạn là 28/11/2024 11:10:10 SA.', '2024-11-26 23:59:24'),
	(542, 'Ngày bầu cử sắp tới của bạn là 28/11/2024 11:10:10 SA.', '2024-11-26 23:59:24'),
	(543, 'Ngày bầu cử sắp tới của bạn là 28/11/2024 11:11:11 SA.', '2024-11-26 23:59:24'),
	(544, 'Ngày bầu cử sắp tới của bạn là 28/11/2024 11:11:11 SA.', '2024-11-26 23:59:24'),
	(545, 'Ngày bầu cử sắp tới của bạn là 28/11/2024 11:11:11 SA.', '2024-11-26 23:59:24'),
	(546, 'Ngày bầu cử sắp tới của bạn tham dự là 28/11/2024 11:11:11 SA.', '2024-11-27 09:15:32'),
	(547, 'Ngày bầu cử sắp tới của bạn tham dự là 29/11/2024 4:14:47 SA.', '2024-11-27 09:15:32'),
	(548, 'Ngày bầu cử sắp tới của bạn tham dự là 29/11/2024 5:55:55 SA.', '2024-11-27 09:15:32'),
	(549, 'Ngày bầu cử sắp tới của bạn tham dự là 28/11/2024 11:11:11 SA.', '2024-11-27 09:15:32'),
	(550, 'Ngày bầu cử sắp tới của bạn tham dự là 29/11/2024 4:14:47 SA.', '2024-11-27 09:15:32'),
	(551, 'Ngày bầu cử sắp tới của bạn tham dự là 29/11/2024 5:55:55 SA.', '2024-11-27 09:15:32'),
	(552, 'Ngày bầu cử sắp tới của bạn tham dự là 28/11/2024 11:11:11 SA.', '2024-11-27 09:15:32'),
	(553, 'Ngày bầu cử sắp tới của bạn tham dự là 29/11/2024 4:14:47 SA.', '2024-11-27 09:15:32'),
	(554, 'Ngày bầu cử sắp tới của bạn tham dự là 29/11/2024 5:55:55 SA.', '2024-11-27 09:15:33'),
	(555, 'Ngày bầu cử sắp tới của bạn tham dự là 28/11/2024 11:11:11 SA.', '2024-11-27 09:15:33'),
	(556, 'Ngày bầu cử sắp tới của bạn tham dự là 29/11/2024 4:14:47 SA.', '2024-11-27 09:15:33'),
	(557, 'Ngày bầu cử sắp tới của bạn tham dự là 29/11/2024 5:55:55 SA.', '2024-11-27 09:15:33'),
	(558, 'Ngày bầu cử sắp tới của bạn tham dự là 29/11/2024 4:14:47 SA.', '2024-11-27 09:15:33'),
	(559, 'Ngày bầu cử sắp tới của bạn tham dự là 28/11/2024 11:11:11 SA.', '2024-11-27 09:15:33'),
	(560, 'Ngày bầu cử sắp tới của bạn tham dự là 29/11/2024 4:14:47 SA.', '2024-11-27 09:15:33'),
	(561, 'Ngày bầu cử sắp tới của bạn tham dự là 29/11/2024 5:55:55 SA.', '2024-11-27 09:15:33'),
	(562, 'Ngày bầu cử sắp tới của bạn tham dự là 28/11/2024 11:11:11 SA.', '2024-11-27 09:15:34'),
	(563, 'Ngày bầu cử sắp tới của bạn tham dự là 29/11/2024 4:14:47 SA.', '2024-11-27 09:15:34'),
	(564, 'Ngày bầu cử sắp tới của bạn tham dự là 29/11/2024 5:55:55 SA.', '2024-11-27 09:15:34'),
	(565, 'Ngày bầu cử sắp tới của bạn tham dự là 29/11/2024 4:14:47 SA.', '2024-11-27 09:15:34'),
	(566, 'Ngày bầu cử sắp tới của bạn tham dự là 29/11/2024 4:14:47 SA.', '2024-11-27 09:15:34'),
	(567, 'Ngày bầu cử sắp tới của bạn tham dự là 29/11/2024 4:14:47 SA.', '2024-11-27 09:15:34'),
	(568, 'Ngày bầu cử sắp tới của bạn là 28/11/2024 11:11:11 SA.', '2024-11-27 09:15:34'),
	(569, 'Ngày bầu cử sắp tới của bạn là 28/11/2024 11:11:11 SA.', '2024-11-27 09:15:34'),
	(570, 'Ngày bầu cử sắp tới của bạn là 28/11/2024 11:11:11 SA.', '2024-11-27 09:15:34'),
	(571, 'Ngày bầu cử sắp tới của bạn là 28/11/2024 11:11:11 SA.', '2024-11-27 09:15:34'),
	(572, 'Ngày bầu cử sắp tới của bạn là 29/11/2024 4:14:47 SA.', '2024-11-27 09:15:34'),
	(573, 'Ngày bầu cử sắp tới của bạn là 29/11/2024 4:14:47 SA.', '2024-11-27 09:15:34'),
	(574, 'Ngày bầu cử sắp tới của bạn là 29/11/2024 4:14:47 SA.', '2024-11-27 09:15:34'),
	(575, 'Ngày bầu cử sắp tới của bạn là 29/11/2024 4:14:47 SA.', '2024-11-27 09:15:34'),
	(576, 'Ngày bầu cử sắp tới của bạn là 29/11/2024 4:14:47 SA.', '2024-11-27 09:15:34'),
	(577, 'Ngày bầu cử sắp tới của bạn là 29/11/2024 4:14:47 SA.', '2024-11-27 09:15:34'),
	(578, 'Ngày bầu cử sắp tới của bạn là 28/11/2024 11:10:10 SA.', '2024-11-27 09:15:34'),
	(579, 'Ngày bầu cử sắp tới của bạn là 28/11/2024 11:10:10 SA.', '2024-11-27 09:15:34'),
	(580, 'Ngày bầu cử sắp tới của bạn là 28/11/2024 11:10:10 SA.', '2024-11-27 09:15:34'),
	(581, 'Ngày bầu cử sắp tới của bạn là 28/11/2024 11:10:10 SA.', '2024-11-27 09:15:34'),
	(582, 'Ngày bầu cử sắp tới của bạn là 28/11/2024 11:10:10 SA.', '2024-11-27 09:15:34'),
	(583, 'Ngày bầu cử sắp tới của bạn là 29/11/2024 5:55:55 SA.', '2024-11-27 09:15:34'),
	(584, 'Ngày bầu cử sắp tới của bạn là 29/11/2024 5:55:55 SA.', '2024-11-27 09:15:34'),
	(585, 'Ngày bầu cử sắp tới của bạn là 28/11/2024 11:11:11 SA.', '2024-11-27 09:15:35'),
	(586, 'Ngày bầu cử sắp tới của bạn là 28/11/2024 11:11:11 SA.', '2024-11-27 09:15:35'),
	(587, 'Ngày bầu cử sắp tới của bạn là 28/11/2024 11:11:11 SA.', '2024-11-27 09:15:35'),
	(588, 'Ngày bầu cử sắp tới của bạn là 29/11/2024 4:14:47 SA.', '2024-11-27 09:15:35'),
	(589, 'Ngày bầu cử sắp tới của bạn là 29/11/2024 4:14:47 SA.', '2024-11-27 09:15:35'),
	(590, 'Ngày bầu cử sắp tới của bạn là 29/11/2024 4:14:47 SA.', '2024-11-27 09:15:35'),
	(591, 'Ngày bầu cử sắp tới của bạn là 29/11/2024 4:14:47 SA.', '2024-11-27 09:15:35'),
	(592, 'Ngày bầu cử sắp tới của bạn là 29/11/2024 4:14:47 SA.', '2024-11-27 09:15:35'),
	(593, 'Ngày bầu cử sắp tới của bạn là 29/11/2024 5:55:55 SA.', '2024-11-27 09:15:35'),
	(594, 'Ngày bầu cử sắp tới của bạn là 29/11/2024 5:55:55 SA.', '2024-11-27 09:15:35'),
	(595, 'Ngày bầu cử sắp tới của bạn là 29/11/2024 5:55:55 SA.', '2024-11-27 09:15:35'),
	(596, 'Ngày bầu cử sắp tới của bạn là 29/11/2024 5:55:55 SA.', '2024-11-27 09:15:35'),
	(597, 'Ngày bầu cử sắp tới của bạn là 29/11/2024 5:55:55 SA.', '2024-11-27 09:15:35'),
	(598, 'Ngày bầu cử sắp tới của bạn tham dự là 29/11/2024 4:14:47 SA.', '2024-11-27 16:57:17'),
	(599, 'Ngày bầu cử sắp tới của bạn tham dự là 29/11/2024 5:55:55 SA.', '2024-11-27 16:57:19'),
	(600, 'Ngày bầu cử sắp tới của bạn tham dự là 29/11/2024 4:14:47 SA.', '2024-11-27 16:57:20'),
	(601, 'Ngày bầu cử sắp tới của bạn tham dự là 29/11/2024 5:55:55 SA.', '2024-11-27 16:57:20'),
	(602, 'Ngày bầu cử sắp tới của bạn tham dự là 29/11/2024 4:14:47 SA.', '2024-11-27 16:57:20'),
	(603, 'Ngày bầu cử sắp tới của bạn tham dự là 29/11/2024 5:55:55 SA.', '2024-11-27 16:57:20'),
	(604, 'Ngày bầu cử sắp tới của bạn tham dự là 29/11/2024 4:14:47 SA.', '2024-11-27 16:57:20'),
	(605, 'Ngày bầu cử sắp tới của bạn tham dự là 29/11/2024 5:55:55 SA.', '2024-11-27 16:57:20'),
	(606, 'Ngày bầu cử sắp tới của bạn tham dự là 29/11/2024 4:14:47 SA.', '2024-11-27 16:57:21'),
	(607, 'Ngày bầu cử sắp tới của bạn tham dự là 29/11/2024 4:14:47 SA.', '2024-11-27 16:57:21'),
	(608, 'Ngày bầu cử sắp tới của bạn tham dự là 29/11/2024 5:55:55 SA.', '2024-11-27 16:57:21'),
	(609, 'Ngày bầu cử sắp tới của bạn tham dự là 29/11/2024 4:14:47 SA.', '2024-11-27 16:57:21'),
	(610, 'Ngày bầu cử sắp tới của bạn tham dự là 29/11/2024 5:55:55 SA.', '2024-11-27 16:57:21'),
	(611, 'Ngày bầu cử sắp tới của bạn tham dự là 29/11/2024 4:14:47 SA.', '2024-11-27 16:57:21'),
	(612, 'Ngày bầu cử sắp tới của bạn tham dự là 29/11/2024 4:14:47 SA.', '2024-11-27 16:57:21'),
	(613, 'Ngày bầu cử sắp tới của bạn tham dự là 29/11/2024 4:14:47 SA.', '2024-11-27 16:57:22'),
	(614, 'Ngày bầu cử sắp tới của bạn là 29/11/2024 4:14:47 SA.', '2024-11-27 16:57:23'),
	(615, 'Ngày bầu cử sắp tới của bạn là 29/11/2024 4:14:47 SA.', '2024-11-27 16:57:23'),
	(616, 'Ngày bầu cử sắp tới của bạn là 29/11/2024 4:14:47 SA.', '2024-11-27 16:57:23'),
	(617, 'Ngày bầu cử sắp tới của bạn là 29/11/2024 4:14:47 SA.', '2024-11-27 16:57:23'),
	(618, 'Ngày bầu cử sắp tới của bạn là 29/11/2024 4:14:47 SA.', '2024-11-27 16:57:23'),
	(619, 'Ngày bầu cử sắp tới của bạn là 29/11/2024 4:14:47 SA.', '2024-11-27 16:57:23'),
	(620, 'Ngày bầu cử sắp tới của bạn là 29/11/2024 5:55:55 SA.', '2024-11-27 16:57:23'),
	(621, 'Ngày bầu cử sắp tới của bạn là 29/11/2024 5:55:55 SA.', '2024-11-27 16:57:23'),
	(622, 'Ngày bầu cử sắp tới của bạn là 29/11/2024 4:14:47 SA.', '2024-11-27 16:57:24'),
	(623, 'Ngày bầu cử sắp tới của bạn là 29/11/2024 4:14:47 SA.', '2024-11-27 16:57:24'),
	(624, 'Ngày bầu cử sắp tới của bạn là 29/11/2024 4:14:47 SA.', '2024-11-27 16:57:25'),
	(625, 'Ngày bầu cử sắp tới của bạn là 29/11/2024 4:14:47 SA.', '2024-11-27 16:57:25'),
	(626, 'Ngày bầu cử sắp tới của bạn là 29/11/2024 4:14:47 SA.', '2024-11-27 16:57:25'),
	(627, 'Ngày bầu cử sắp tới của bạn là 29/11/2024 5:55:55 SA.', '2024-11-27 16:57:25'),
	(628, 'Ngày bầu cử sắp tới của bạn là 29/11/2024 5:55:55 SA.', '2024-11-27 16:57:25'),
	(629, 'Ngày bầu cử sắp tới của bạn là 29/11/2024 5:55:55 SA.', '2024-11-27 16:57:25'),
	(630, 'Ngày bầu cử sắp tới của bạn là 29/11/2024 5:55:55 SA.', '2024-11-27 16:57:25'),
	(631, 'Ngày bầu cử sắp tới của bạn là 29/11/2024 5:55:55 SA.', '2024-11-27 16:57:25'),
	(632, 'Ngày bầu cử sắp tới của bạn tham dự là 29/11/2024 4:14:47 SA.', '2024-11-27 17:01:47'),
	(633, 'Ngày bầu cử sắp tới của bạn tham dự là 29/11/2024 5:55:55 SA.', '2024-11-27 17:01:47'),
	(634, 'Ngày bầu cử sắp tới của bạn tham dự là 29/11/2024 4:14:47 SA.', '2024-11-27 17:01:47'),
	(635, 'Ngày bầu cử sắp tới của bạn tham dự là 29/11/2024 5:55:55 SA.', '2024-11-27 17:01:47'),
	(636, 'Ngày bầu cử sắp tới của bạn tham dự là 29/11/2024 4:14:47 SA.', '2024-11-27 17:01:47'),
	(637, 'Ngày bầu cử sắp tới của bạn tham dự là 29/11/2024 5:55:55 SA.', '2024-11-27 17:01:47'),
	(638, 'Ngày bầu cử sắp tới của bạn tham dự là 29/11/2024 4:14:47 SA.', '2024-11-27 17:01:47'),
	(639, 'Ngày bầu cử sắp tới của bạn tham dự là 29/11/2024 5:55:55 SA.', '2024-11-27 17:01:48'),
	(640, 'Ngày bầu cử sắp tới của bạn tham dự là 29/11/2024 4:14:47 SA.', '2024-11-27 17:01:48'),
	(641, 'Ngày bầu cử sắp tới của bạn tham dự là 29/11/2024 4:14:47 SA.', '2024-11-27 17:01:48'),
	(642, 'Ngày bầu cử sắp tới của bạn tham dự là 29/11/2024 5:55:55 SA.', '2024-11-27 17:01:48'),
	(643, 'Ngày bầu cử sắp tới của bạn tham dự là 29/11/2024 4:14:47 SA.', '2024-11-27 17:01:48'),
	(644, 'Ngày bầu cử sắp tới của bạn tham dự là 29/11/2024 5:55:55 SA.', '2024-11-27 17:01:48'),
	(645, 'Ngày bầu cử sắp tới của bạn tham dự là 29/11/2024 4:14:47 SA.', '2024-11-27 17:01:49'),
	(646, 'Ngày bầu cử sắp tới của bạn tham dự là 29/11/2024 4:14:47 SA.', '2024-11-27 17:01:49'),
	(647, 'Ngày bầu cử sắp tới của bạn tham dự là 29/11/2024 4:14:47 SA.', '2024-11-27 17:01:50'),
	(648, 'Ngày bầu cử sắp tới của bạn là 29/11/2024 4:14:47 SA.', '2024-11-27 17:01:51'),
	(649, 'Ngày bầu cử sắp tới của bạn là 29/11/2024 4:14:47 SA.', '2024-11-27 17:01:51'),
	(650, 'Ngày bầu cử sắp tới của bạn là 29/11/2024 4:14:47 SA.', '2024-11-27 17:01:52'),
	(651, 'Ngày bầu cử sắp tới của bạn là 29/11/2024 4:14:47 SA.', '2024-11-27 17:01:52'),
	(652, 'Ngày bầu cử sắp tới của bạn là 29/11/2024 4:14:47 SA.', '2024-11-27 17:01:52'),
	(653, 'Ngày bầu cử sắp tới của bạn là 29/11/2024 4:14:47 SA.', '2024-11-27 17:01:52'),
	(654, 'Ngày bầu cử sắp tới của bạn là 29/11/2024 5:55:55 SA.', '2024-11-27 17:01:52'),
	(655, 'Ngày bầu cử sắp tới của bạn là 29/11/2024 5:55:55 SA.', '2024-11-27 17:01:53'),
	(656, 'Ngày bầu cử sắp tới của bạn là 29/11/2024 4:14:47 SA.', '2024-11-27 17:01:54'),
	(657, 'Ngày bầu cử sắp tới của bạn là 29/11/2024 4:14:47 SA.', '2024-11-27 17:01:54'),
	(658, 'Ngày bầu cử sắp tới của bạn là 29/11/2024 4:14:47 SA.', '2024-11-27 17:01:55'),
	(659, 'Ngày bầu cử sắp tới của bạn là 29/11/2024 4:14:47 SA.', '2024-11-27 17:01:56'),
	(660, 'Ngày bầu cử sắp tới của bạn là 29/11/2024 4:14:47 SA.', '2024-11-27 17:01:56'),
	(661, 'Ngày bầu cử sắp tới của bạn là 29/11/2024 5:55:55 SA.', '2024-11-27 17:01:56'),
	(662, 'Ngày bầu cử sắp tới của bạn là 29/11/2024 5:55:55 SA.', '2024-11-27 17:01:56'),
	(663, 'Ngày bầu cử sắp tới của bạn là 29/11/2024 5:55:55 SA.', '2024-11-27 17:01:57'),
	(664, 'Ngày bầu cử sắp tới của bạn là 29/11/2024 5:55:55 SA.', '2024-11-27 17:01:57'),
	(665, 'Ngày bầu cử sắp tới của bạn là 29/11/2024 5:55:55 SA.', '2024-11-27 17:01:57'),
	(666, 'Ngày bầu cử sắp tới của bạn tham dự là 29/11/2024 4:14:47 SA.', '2024-11-27 17:03:43'),
	(667, 'Ngày bầu cử sắp tới của bạn tham dự là 29/11/2024 5:55:55 SA.', '2024-11-27 17:03:43'),
	(668, 'Ngày bầu cử sắp tới của bạn tham dự là 29/11/2024 4:14:47 SA.', '2024-11-27 17:03:43'),
	(669, 'Ngày bầu cử sắp tới của bạn tham dự là 29/11/2024 5:55:55 SA.', '2024-11-27 17:03:43'),
	(670, 'Ngày bầu cử sắp tới của bạn tham dự là 29/11/2024 4:14:47 SA.', '2024-11-27 17:03:43'),
	(671, 'Ngày bầu cử sắp tới của bạn tham dự là 29/11/2024 5:55:55 SA.', '2024-11-27 17:03:43'),
	(672, 'Ngày bầu cử sắp tới của bạn tham dự là 29/11/2024 4:14:47 SA.', '2024-11-27 17:03:44'),
	(673, 'Ngày bầu cử sắp tới của bạn tham dự là 29/11/2024 5:55:55 SA.', '2024-11-27 17:03:44'),
	(674, 'Ngày bầu cử sắp tới của bạn tham dự là 29/11/2024 4:14:47 SA.', '2024-11-27 17:03:44'),
	(675, 'Ngày bầu cử sắp tới của bạn tham dự là 29/11/2024 4:14:47 SA.', '2024-11-27 17:03:44'),
	(676, 'Ngày bầu cử sắp tới của bạn tham dự là 29/11/2024 5:55:55 SA.', '2024-11-27 17:03:44'),
	(677, 'Ngày bầu cử sắp tới của bạn tham dự là 29/11/2024 4:14:47 SA.', '2024-11-27 17:03:45'),
	(678, 'Ngày bầu cử sắp tới của bạn tham dự là 29/11/2024 5:55:55 SA.', '2024-11-27 17:03:45'),
	(679, 'Ngày bầu cử sắp tới của bạn tham dự là 29/11/2024 4:14:47 SA.', '2024-11-27 17:03:45'),
	(680, 'Ngày bầu cử sắp tới của bạn tham dự là 29/11/2024 4:14:47 SA.', '2024-11-27 17:03:45'),
	(681, 'Ngày bầu cử sắp tới của bạn tham dự là 29/11/2024 4:14:47 SA.', '2024-11-27 17:03:45'),
	(682, 'Ngày bầu cử sắp tới của bạn là 29/11/2024 4:14:47 SA.', '2024-11-27 17:03:45'),
	(683, 'Ngày bầu cử sắp tới của bạn là 29/11/2024 4:14:47 SA.', '2024-11-27 17:03:45'),
	(684, 'Ngày bầu cử sắp tới của bạn là 29/11/2024 4:14:47 SA.', '2024-11-27 17:03:45'),
	(685, 'Ngày bầu cử sắp tới của bạn là 29/11/2024 4:14:47 SA.', '2024-11-27 17:03:46'),
	(686, 'Ngày bầu cử sắp tới của bạn là 29/11/2024 4:14:47 SA.', '2024-11-27 17:03:46'),
	(687, 'Ngày bầu cử sắp tới của bạn là 29/11/2024 4:14:47 SA.', '2024-11-27 17:03:46'),
	(688, 'Ngày bầu cử sắp tới của bạn là 29/11/2024 5:55:55 SA.', '2024-11-27 17:03:46'),
	(689, 'Ngày bầu cử sắp tới của bạn là 29/11/2024 5:55:55 SA.', '2024-11-27 17:03:46'),
	(690, 'Ngày bầu cử sắp tới của bạn là 29/11/2024 4:14:47 SA.', '2024-11-27 17:03:46'),
	(691, 'Ngày bầu cử sắp tới của bạn là 29/11/2024 4:14:47 SA.', '2024-11-27 17:03:46'),
	(692, 'Ngày bầu cử sắp tới của bạn là 29/11/2024 4:14:47 SA.', '2024-11-27 17:03:46'),
	(693, 'Ngày bầu cử sắp tới của bạn là 29/11/2024 4:14:47 SA.', '2024-11-27 17:03:46'),
	(694, 'Ngày bầu cử sắp tới của bạn là 29/11/2024 4:14:47 SA.', '2024-11-27 17:03:46'),
	(695, 'Ngày bầu cử sắp tới của bạn là 29/11/2024 5:55:55 SA.', '2024-11-27 17:03:46'),
	(696, 'Ngày bầu cử sắp tới của bạn là 29/11/2024 5:55:55 SA.', '2024-11-27 17:03:46'),
	(697, 'Ngày bầu cử sắp tới của bạn là 29/11/2024 5:55:55 SA.', '2024-11-27 17:03:46'),
	(698, 'Ngày bầu cử sắp tới của bạn là 29/11/2024 5:55:55 SA.', '2024-11-27 17:03:47'),
	(699, 'Ngày bầu cử sắp tới của bạn là 29/11/2024 5:55:55 SA.', '2024-11-27 17:03:47'),
	(700, 'Ngày bầu cử sắp tới của bạn tham dự là 29/11/2024 4:14:47 SA.', '2024-11-27 19:37:19'),
	(701, 'Ngày bầu cử sắp tới của bạn tham dự là 29/11/2024 5:55:55 SA.', '2024-11-27 19:37:26'),
	(702, 'Ngày bầu cử sắp tới của bạn tham dự là 29/11/2024 4:14:47 SA.', '2024-11-27 19:37:27'),
	(703, 'Ngày bầu cử sắp tới của bạn tham dự là 29/11/2024 5:55:55 SA.', '2024-11-27 19:37:28'),
	(704, 'Ngày bầu cử sắp tới của bạn tham dự là 29/11/2024 4:14:47 SA.', '2024-11-27 19:37:28'),
	(705, 'Ngày bầu cử sắp tới của bạn tham dự là 29/11/2024 5:55:55 SA.', '2024-11-27 19:37:28'),
	(706, 'Ngày bầu cử sắp tới của bạn tham dự là 29/11/2024 4:14:47 SA.', '2024-11-27 19:37:29'),
	(707, 'Ngày bầu cử sắp tới của bạn tham dự là 29/11/2024 5:55:55 SA.', '2024-11-27 19:37:29'),
	(708, 'Ngày bầu cử sắp tới của bạn tham dự là 29/11/2024 4:14:47 SA.', '2024-11-27 19:37:29'),
	(709, 'Ngày bầu cử sắp tới của bạn tham dự là 29/11/2024 4:14:47 SA.', '2024-11-27 19:37:29'),
	(710, 'Ngày bầu cử sắp tới của bạn tham dự là 29/11/2024 5:55:55 SA.', '2024-11-27 19:37:30'),
	(711, 'Ngày bầu cử sắp tới của bạn tham dự là 29/11/2024 4:14:47 SA.', '2024-11-27 19:37:30'),
	(712, 'Ngày bầu cử sắp tới của bạn tham dự là 29/11/2024 5:55:55 SA.', '2024-11-27 19:37:33'),
	(713, 'Ngày bầu cử sắp tới của bạn tham dự là 29/11/2024 4:14:47 SA.', '2024-11-27 19:37:33'),
	(714, 'Ngày bầu cử sắp tới của bạn tham dự là 29/11/2024 4:14:47 SA.', '2024-11-27 19:37:33'),
	(715, 'Ngày bầu cử sắp tới của bạn tham dự là 29/11/2024 4:14:47 SA.', '2024-11-27 19:37:34'),
	(716, 'Ngày bầu cử sắp tới của bạn là 29/11/2024 4:14:47 SA.', '2024-11-27 19:37:37'),
	(717, 'Ngày bầu cử sắp tới của bạn là 29/11/2024 4:14:47 SA.', '2024-11-27 19:37:38'),
	(718, 'Ngày bầu cử sắp tới của bạn là 29/11/2024 4:14:47 SA.', '2024-11-27 19:37:39'),
	(719, 'Ngày bầu cử sắp tới của bạn là 29/11/2024 4:14:47 SA.', '2024-11-27 19:37:40'),
	(720, 'Ngày bầu cử sắp tới của bạn là 29/11/2024 4:14:47 SA.', '2024-11-27 19:37:40'),
	(721, 'Ngày bầu cử sắp tới của bạn là 29/11/2024 4:14:47 SA.', '2024-11-27 19:37:40'),
	(722, 'Ngày bầu cử sắp tới của bạn là 29/11/2024 5:55:55 SA.', '2024-11-27 19:37:40'),
	(723, 'Ngày bầu cử sắp tới của bạn là 29/11/2024 5:55:55 SA.', '2024-11-27 19:37:40'),
	(724, 'Ngày bầu cử sắp tới của bạn là 29/11/2024 4:14:47 SA.', '2024-11-27 19:37:43'),
	(725, 'Ngày bầu cử sắp tới của bạn là 29/11/2024 4:14:47 SA.', '2024-11-27 19:37:43'),
	(726, 'Ngày bầu cử sắp tới của bạn là 29/11/2024 4:14:47 SA.', '2024-11-27 19:37:43'),
	(727, 'Ngày bầu cử sắp tới của bạn là 29/11/2024 4:14:47 SA.', '2024-11-27 19:37:43'),
	(728, 'Ngày bầu cử sắp tới của bạn là 29/11/2024 4:14:47 SA.', '2024-11-27 19:37:43'),
	(729, 'Ngày bầu cử sắp tới của bạn là 29/11/2024 5:55:55 SA.', '2024-11-27 19:37:44'),
	(730, 'Ngày bầu cử sắp tới của bạn là 29/11/2024 5:55:55 SA.', '2024-11-27 19:37:44'),
	(731, 'Ngày bầu cử sắp tới của bạn là 29/11/2024 5:55:55 SA.', '2024-11-27 19:37:44'),
	(732, 'Ngày bầu cử sắp tới của bạn là 29/11/2024 5:55:55 SA.', '2024-11-27 19:37:45'),
	(733, 'Ngày bầu cử sắp tới của bạn là 29/11/2024 5:55:55 SA.', '2024-11-27 19:37:47'),
	(734, 'Ngày bầu cử sắp tới của bạn tham dự là 29/11/2024 4:14:47 SA.', '2024-11-27 20:59:30'),
	(735, 'Ngày bầu cử sắp tới của bạn tham dự là 29/11/2024 5:55:55 SA.', '2024-11-27 20:59:31'),
	(736, 'Ngày bầu cử sắp tới của bạn tham dự là 29/11/2024 4:14:47 SA.', '2024-11-27 20:59:31'),
	(737, 'Ngày bầu cử sắp tới của bạn tham dự là 29/11/2024 5:55:55 SA.', '2024-11-27 20:59:31'),
	(738, 'Ngày bầu cử sắp tới của bạn tham dự là 29/11/2024 4:14:47 SA.', '2024-11-27 20:59:31'),
	(739, 'Ngày bầu cử sắp tới của bạn tham dự là 29/11/2024 5:55:55 SA.', '2024-11-27 20:59:31'),
	(740, 'Ngày bầu cử sắp tới của bạn tham dự là 29/11/2024 4:14:47 SA.', '2024-11-27 20:59:31'),
	(741, 'Ngày bầu cử sắp tới của bạn tham dự là 29/11/2024 5:55:55 SA.', '2024-11-27 20:59:31'),
	(742, 'Ngày bầu cử sắp tới của bạn tham dự là 29/11/2024 4:14:47 SA.', '2024-11-27 20:59:31'),
	(743, 'Ngày bầu cử sắp tới của bạn tham dự là 29/11/2024 4:14:47 SA.', '2024-11-27 20:59:31'),
	(744, 'Ngày bầu cử sắp tới của bạn tham dự là 29/11/2024 5:55:55 SA.', '2024-11-27 20:59:31'),
	(745, 'Ngày bầu cử sắp tới của bạn tham dự là 29/11/2024 4:14:47 SA.', '2024-11-27 20:59:32'),
	(746, 'Ngày bầu cử sắp tới của bạn tham dự là 29/11/2024 5:55:55 SA.', '2024-11-27 20:59:32'),
	(747, 'Ngày bầu cử sắp tới của bạn tham dự là 29/11/2024 4:14:47 SA.', '2024-11-27 20:59:32'),
	(748, 'Ngày bầu cử sắp tới của bạn tham dự là 29/11/2024 4:14:47 SA.', '2024-11-27 20:59:32'),
	(749, 'Ngày bầu cử sắp tới của bạn tham dự là 29/11/2024 4:14:47 SA.', '2024-11-27 20:59:32'),
	(750, 'Ngày bầu cử sắp tới của bạn là 29/11/2024 4:14:47 SA.', '2024-11-27 20:59:32'),
	(751, 'Ngày bầu cử sắp tới của bạn là 29/11/2024 4:14:47 SA.', '2024-11-27 20:59:32'),
	(752, 'Ngày bầu cử sắp tới của bạn là 29/11/2024 4:14:47 SA.', '2024-11-27 20:59:32'),
	(753, 'Ngày bầu cử sắp tới của bạn là 29/11/2024 4:14:47 SA.', '2024-11-27 20:59:32'),
	(754, 'Ngày bầu cử sắp tới của bạn là 29/11/2024 4:14:47 SA.', '2024-11-27 20:59:32'),
	(755, 'Ngày bầu cử sắp tới của bạn là 29/11/2024 4:14:47 SA.', '2024-11-27 20:59:32'),
	(756, 'Ngày bầu cử sắp tới của bạn là 29/11/2024 5:55:55 SA.', '2024-11-27 20:59:32'),
	(757, 'Ngày bầu cử sắp tới của bạn là 29/11/2024 5:55:55 SA.', '2024-11-27 20:59:33'),
	(758, 'Ngày bầu cử sắp tới của bạn là 29/11/2024 4:14:47 SA.', '2024-11-27 20:59:33'),
	(759, 'Ngày bầu cử sắp tới của bạn là 29/11/2024 4:14:47 SA.', '2024-11-27 20:59:33'),
	(760, 'Ngày bầu cử sắp tới của bạn là 29/11/2024 4:14:47 SA.', '2024-11-27 20:59:33'),
	(761, 'Ngày bầu cử sắp tới của bạn là 29/11/2024 4:14:47 SA.', '2024-11-27 20:59:33'),
	(762, 'Ngày bầu cử sắp tới của bạn là 29/11/2024 4:14:47 SA.', '2024-11-27 20:59:33'),
	(763, 'Ngày bầu cử sắp tới của bạn là 29/11/2024 5:55:55 SA.', '2024-11-27 20:59:33'),
	(764, 'Ngày bầu cử sắp tới của bạn là 29/11/2024 5:55:55 SA.', '2024-11-27 20:59:33'),
	(765, 'Ngày bầu cử sắp tới của bạn là 29/11/2024 5:55:55 SA.', '2024-11-27 20:59:33'),
	(766, 'Ngày bầu cử sắp tới của bạn là 29/11/2024 5:55:55 SA.', '2024-11-27 20:59:34'),
	(767, 'Ngày bầu cử sắp tới của bạn là 29/11/2024 5:55:55 SA.', '2024-11-27 20:59:34'),
	(768, 'Ngày bầu cử sắp tới của bạn tham dự là 29/11/2024 4:14:47 SA.', '2024-11-27 21:07:00'),
	(769, 'Ngày bầu cử sắp tới của bạn tham dự là 29/11/2024 5:55:55 SA.', '2024-11-27 21:07:00'),
	(770, 'Ngày bầu cử sắp tới của bạn tham dự là 29/11/2024 4:14:47 SA.', '2024-11-27 21:07:00'),
	(771, 'Ngày bầu cử sắp tới của bạn tham dự là 29/11/2024 5:55:55 SA.', '2024-11-27 21:07:00'),
	(772, 'Ngày bầu cử sắp tới của bạn tham dự là 29/11/2024 4:14:47 SA.', '2024-11-27 21:07:00'),
	(773, 'Ngày bầu cử sắp tới của bạn tham dự là 29/11/2024 5:55:55 SA.', '2024-11-27 21:07:01'),
	(774, 'Ngày bầu cử sắp tới của bạn tham dự là 29/11/2024 4:14:47 SA.', '2024-11-27 21:07:01'),
	(775, 'Ngày bầu cử sắp tới của bạn tham dự là 29/11/2024 5:55:55 SA.', '2024-11-27 21:07:01'),
	(776, 'Ngày bầu cử sắp tới của bạn tham dự là 29/11/2024 4:14:47 SA.', '2024-11-27 21:07:01'),
	(777, 'Ngày bầu cử sắp tới của bạn tham dự là 29/11/2024 4:14:47 SA.', '2024-11-27 21:07:01'),
	(778, 'Ngày bầu cử sắp tới của bạn tham dự là 29/11/2024 5:55:55 SA.', '2024-11-27 21:07:01'),
	(779, 'Ngày bầu cử sắp tới của bạn tham dự là 29/11/2024 4:14:47 SA.', '2024-11-27 21:07:01'),
	(780, 'Ngày bầu cử sắp tới của bạn tham dự là 29/11/2024 5:55:55 SA.', '2024-11-27 21:07:01'),
	(781, 'Ngày bầu cử sắp tới của bạn tham dự là 29/11/2024 4:14:47 SA.', '2024-11-27 21:07:01'),
	(782, 'Ngày bầu cử sắp tới của bạn tham dự là 29/11/2024 4:14:47 SA.', '2024-11-27 21:07:01'),
	(783, 'Ngày bầu cử sắp tới của bạn tham dự là 29/11/2024 4:14:47 SA.', '2024-11-27 21:07:01'),
	(784, 'Ngày bầu cử sắp tới của bạn là 29/11/2024 4:14:47 SA.', '2024-11-27 21:07:02'),
	(785, 'Ngày bầu cử sắp tới của bạn là 29/11/2024 4:14:47 SA.', '2024-11-27 21:07:02'),
	(786, 'Ngày bầu cử sắp tới của bạn là 29/11/2024 4:14:47 SA.', '2024-11-27 21:07:03'),
	(787, 'Ngày bầu cử sắp tới của bạn là 29/11/2024 4:14:47 SA.', '2024-11-27 21:07:03'),
	(788, 'Ngày bầu cử sắp tới của bạn là 29/11/2024 4:14:47 SA.', '2024-11-27 21:07:03'),
	(789, 'Ngày bầu cử sắp tới của bạn là 29/11/2024 4:14:47 SA.', '2024-11-27 21:07:03'),
	(790, 'Ngày bầu cử sắp tới của bạn là 29/11/2024 5:55:55 SA.', '2024-11-27 21:07:03'),
	(791, 'Ngày bầu cử sắp tới của bạn là 29/11/2024 5:55:55 SA.', '2024-11-27 21:07:03'),
	(792, 'Ngày bầu cử sắp tới của bạn là 29/11/2024 4:14:47 SA.', '2024-11-27 21:07:03'),
	(793, 'Ngày bầu cử sắp tới của bạn là 29/11/2024 4:14:47 SA.', '2024-11-27 21:07:04'),
	(794, 'Ngày bầu cử sắp tới của bạn là 29/11/2024 4:14:47 SA.', '2024-11-27 21:07:04'),
	(795, 'Ngày bầu cử sắp tới của bạn là 29/11/2024 4:14:47 SA.', '2024-11-27 21:07:04'),
	(796, 'Ngày bầu cử sắp tới của bạn là 29/11/2024 4:14:47 SA.', '2024-11-27 21:07:04'),
	(797, 'Ngày bầu cử sắp tới của bạn là 29/11/2024 5:55:55 SA.', '2024-11-27 21:07:04'),
	(798, 'Ngày bầu cử sắp tới của bạn là 29/11/2024 5:55:55 SA.', '2024-11-27 21:07:04'),
	(799, 'Ngày bầu cử sắp tới của bạn là 29/11/2024 5:55:55 SA.', '2024-11-27 21:07:04'),
	(800, 'Ngày bầu cử sắp tới của bạn là 29/11/2024 5:55:55 SA.', '2024-11-27 21:07:04'),
	(801, 'Ngày bầu cử sắp tới của bạn là 29/11/2024 5:55:55 SA.', '2024-11-27 21:07:04'),
	(802, 'Ngày bầu cử sắp tới của bạn tham dự là 29/11/2024 4:14:47 SA.', '2024-11-27 21:51:05'),
	(803, 'Ngày bầu cử sắp tới của bạn tham dự là 29/11/2024 5:55:55 SA.', '2024-11-27 21:51:08'),
	(804, 'Ngày bầu cử sắp tới của bạn tham dự là 29/11/2024 4:14:47 SA.', '2024-11-27 21:51:08'),
	(805, 'Ngày bầu cử sắp tới của bạn tham dự là 29/11/2024 5:55:55 SA.', '2024-11-27 21:51:10'),
	(806, 'Ngày bầu cử sắp tới của bạn tham dự là 29/11/2024 4:14:47 SA.', '2024-11-27 21:51:10'),
	(807, 'Ngày bầu cử sắp tới của bạn tham dự là 29/11/2024 5:55:55 SA.', '2024-11-27 21:51:10'),
	(808, 'Ngày bầu cử sắp tới của bạn tham dự là 29/11/2024 4:14:47 SA.', '2024-11-27 21:51:11'),
	(809, 'Ngày bầu cử sắp tới của bạn tham dự là 29/11/2024 5:55:55 SA.', '2024-11-27 21:51:11'),
	(810, 'Ngày bầu cử sắp tới của bạn tham dự là 29/11/2024 4:14:47 SA.', '2024-11-27 21:51:11'),
	(811, 'Ngày bầu cử sắp tới của bạn tham dự là 29/11/2024 4:14:47 SA.', '2024-11-27 21:51:11'),
	(812, 'Ngày bầu cử sắp tới của bạn tham dự là 29/11/2024 5:55:55 SA.', '2024-11-27 21:51:11'),
	(813, 'Ngày bầu cử sắp tới của bạn tham dự là 29/11/2024 4:14:47 SA.', '2024-11-27 21:51:11'),
	(814, 'Ngày bầu cử sắp tới của bạn tham dự là 29/11/2024 5:55:55 SA.', '2024-11-27 21:51:11'),
	(815, 'Ngày bầu cử sắp tới của bạn tham dự là 29/11/2024 4:14:47 SA.', '2024-11-27 21:51:11'),
	(816, 'Ngày bầu cử sắp tới của bạn tham dự là 29/11/2024 4:14:47 SA.', '2024-11-27 21:51:12'),
	(817, 'Ngày bầu cử sắp tới của bạn tham dự là 29/11/2024 4:14:47 SA.', '2024-11-27 21:51:12'),
	(818, 'Ngày bầu cử sắp tới của bạn là 29/11/2024 4:14:47 SA.', '2024-11-27 21:51:12'),
	(819, 'Ngày bầu cử sắp tới của bạn là 29/11/2024 4:14:47 SA.', '2024-11-27 21:51:12'),
	(820, 'Ngày bầu cử sắp tới của bạn là 29/11/2024 4:14:47 SA.', '2024-11-27 21:51:12'),
	(821, 'Ngày bầu cử sắp tới của bạn là 29/11/2024 4:14:47 SA.', '2024-11-27 21:51:12'),
	(822, 'Ngày bầu cử sắp tới của bạn là 29/11/2024 4:14:47 SA.', '2024-11-27 21:51:12'),
	(823, 'Ngày bầu cử sắp tới của bạn là 29/11/2024 4:14:47 SA.', '2024-11-27 21:51:12'),
	(824, 'Ngày bầu cử sắp tới của bạn là 29/11/2024 5:55:55 SA.', '2024-11-27 21:51:12'),
	(825, 'Ngày bầu cử sắp tới của bạn là 29/11/2024 5:55:55 SA.', '2024-11-27 21:51:13'),
	(826, 'Ngày bầu cử sắp tới của bạn là 29/11/2024 4:14:47 SA.', '2024-11-27 21:51:13'),
	(827, 'Ngày bầu cử sắp tới của bạn là 29/11/2024 4:14:47 SA.', '2024-11-27 21:51:13'),
	(828, 'Ngày bầu cử sắp tới của bạn là 29/11/2024 4:14:47 SA.', '2024-11-27 21:51:13'),
	(829, 'Ngày bầu cử sắp tới của bạn là 29/11/2024 4:14:47 SA.', '2024-11-27 21:51:13'),
	(830, 'Ngày bầu cử sắp tới của bạn là 29/11/2024 4:14:47 SA.', '2024-11-27 21:51:13'),
	(831, 'Ngày bầu cử sắp tới của bạn là 29/11/2024 5:55:55 SA.', '2024-11-27 21:51:13'),
	(832, 'Ngày bầu cử sắp tới của bạn là 29/11/2024 5:55:55 SA.', '2024-11-27 21:51:13'),
	(833, 'Ngày bầu cử sắp tới của bạn là 29/11/2024 5:55:55 SA.', '2024-11-27 21:51:13'),
	(834, 'Ngày bầu cử sắp tới của bạn là 29/11/2024 5:55:55 SA.', '2024-11-27 21:51:14'),
	(835, 'Ngày bầu cử sắp tới của bạn là 29/11/2024 5:55:55 SA.', '2024-11-27 21:51:14'),
	(836, 'Ngày bầu cử sắp tới của bạn tham dự là 29/11/2024 4:14:47 SA.', '2024-11-27 21:53:42'),
	(837, 'Ngày bầu cử sắp tới của bạn tham dự là 29/11/2024 5:55:55 SA.', '2024-11-27 21:53:42'),
	(838, 'Ngày bầu cử sắp tới của bạn tham dự là 29/11/2024 4:14:47 SA.', '2024-11-27 21:53:42'),
	(839, 'Ngày bầu cử sắp tới của bạn tham dự là 29/11/2024 5:55:55 SA.', '2024-11-27 21:53:43'),
	(840, 'Ngày bầu cử sắp tới của bạn tham dự là 29/11/2024 4:14:47 SA.', '2024-11-27 21:53:43'),
	(841, 'Ngày bầu cử sắp tới của bạn tham dự là 29/11/2024 5:55:55 SA.', '2024-11-27 21:53:43'),
	(842, 'Ngày bầu cử sắp tới của bạn tham dự là 29/11/2024 4:14:47 SA.', '2024-11-27 21:53:44'),
	(843, 'Ngày bầu cử sắp tới của bạn tham dự là 29/11/2024 5:55:55 SA.', '2024-11-27 21:53:44'),
	(844, 'Ngày bầu cử sắp tới của bạn tham dự là 29/11/2024 4:14:47 SA.', '2024-11-27 21:53:44'),
	(845, 'Ngày bầu cử sắp tới của bạn tham dự là 29/11/2024 4:14:47 SA.', '2024-11-27 21:53:45'),
	(846, 'Ngày bầu cử sắp tới của bạn tham dự là 29/11/2024 5:55:55 SA.', '2024-11-27 21:53:45'),
	(847, 'Ngày bầu cử sắp tới của bạn tham dự là 29/11/2024 4:14:47 SA.', '2024-11-27 21:53:45'),
	(848, 'Ngày bầu cử sắp tới của bạn tham dự là 29/11/2024 5:55:55 SA.', '2024-11-27 21:53:45'),
	(849, 'Ngày bầu cử sắp tới của bạn tham dự là 29/11/2024 4:14:47 SA.', '2024-11-27 21:53:45'),
	(850, 'Ngày bầu cử sắp tới của bạn tham dự là 29/11/2024 4:14:47 SA.', '2024-11-27 21:53:45'),
	(851, 'Ngày bầu cử sắp tới của bạn tham dự là 29/11/2024 4:14:47 SA.', '2024-11-27 21:53:45'),
	(852, 'Ngày bầu cử sắp tới của bạn là 29/11/2024 4:14:47 SA.', '2024-11-27 21:53:46'),
	(853, 'Ngày bầu cử sắp tới của bạn là 29/11/2024 4:14:47 SA.', '2024-11-27 21:53:46'),
	(854, 'Ngày bầu cử sắp tới của bạn là 29/11/2024 4:14:47 SA.', '2024-11-27 21:53:46'),
	(855, 'Ngày bầu cử sắp tới của bạn là 29/11/2024 4:14:47 SA.', '2024-11-27 21:53:47'),
	(856, 'Ngày bầu cử sắp tới của bạn là 29/11/2024 4:14:47 SA.', '2024-11-27 21:53:47'),
	(857, 'Ngày bầu cử sắp tới của bạn là 29/11/2024 4:14:47 SA.', '2024-11-27 21:53:47'),
	(858, 'Ngày bầu cử sắp tới của bạn là 29/11/2024 5:55:55 SA.', '2024-11-27 21:53:47'),
	(859, 'Ngày bầu cử sắp tới của bạn là 29/11/2024 5:55:55 SA.', '2024-11-27 21:53:47'),
	(860, 'Ngày bầu cử sắp tới của bạn là 29/11/2024 4:14:47 SA.', '2024-11-27 21:53:48'),
	(861, 'Ngày bầu cử sắp tới của bạn là 29/11/2024 4:14:47 SA.', '2024-11-27 21:53:48'),
	(862, 'Ngày bầu cử sắp tới của bạn là 29/11/2024 4:14:47 SA.', '2024-11-27 21:53:49'),
	(863, 'Ngày bầu cử sắp tới của bạn là 29/11/2024 4:14:47 SA.', '2024-11-27 21:53:49'),
	(864, 'Ngày bầu cử sắp tới của bạn là 29/11/2024 4:14:47 SA.', '2024-11-27 21:53:49'),
	(865, 'Ngày bầu cử sắp tới của bạn là 29/11/2024 5:55:55 SA.', '2024-11-27 21:53:49'),
	(866, 'Ngày bầu cử sắp tới của bạn là 29/11/2024 5:55:55 SA.', '2024-11-27 21:53:50'),
	(867, 'Ngày bầu cử sắp tới của bạn là 29/11/2024 5:55:55 SA.', '2024-11-27 21:53:50'),
	(868, 'Ngày bầu cử sắp tới của bạn là 29/11/2024 5:55:55 SA.', '2024-11-27 21:53:50'),
	(869, 'Ngày bầu cử sắp tới của bạn là 29/11/2024 5:55:55 SA.', '2024-11-27 21:53:50'),
	(870, 'Ngày bầu cử sắp tới của bạn tham dự là 29/11/2024 4:14:47 SA.', '2024-11-27 23:30:44'),
	(871, 'Ngày bầu cử sắp tới của bạn tham dự là 29/11/2024 5:55:55 SA.', '2024-11-27 23:30:48'),
	(872, 'Ngày bầu cử sắp tới của bạn tham dự là 29/11/2024 4:14:47 SA.', '2024-11-27 23:30:48'),
	(873, 'Ngày bầu cử sắp tới của bạn tham dự là 29/11/2024 5:55:55 SA.', '2024-11-27 23:30:48'),
	(874, 'Ngày bầu cử sắp tới của bạn tham dự là 29/11/2024 4:14:47 SA.', '2024-11-27 23:30:48'),
	(875, 'Ngày bầu cử sắp tới của bạn tham dự là 29/11/2024 5:55:55 SA.', '2024-11-27 23:30:49'),
	(876, 'Ngày bầu cử sắp tới của bạn tham dự là 29/11/2024 4:14:47 SA.', '2024-11-27 23:30:49'),
	(877, 'Ngày bầu cử sắp tới của bạn tham dự là 29/11/2024 5:55:55 SA.', '2024-11-27 23:30:49'),
	(878, 'Ngày bầu cử sắp tới của bạn tham dự là 29/11/2024 4:14:47 SA.', '2024-11-27 23:30:49'),
	(879, 'Ngày bầu cử sắp tới của bạn tham dự là 29/11/2024 4:14:47 SA.', '2024-11-27 23:30:49'),
	(880, 'Ngày bầu cử sắp tới của bạn tham dự là 29/11/2024 5:55:55 SA.', '2024-11-27 23:30:50'),
	(881, 'Ngày bầu cử sắp tới của bạn tham dự là 29/11/2024 4:14:47 SA.', '2024-11-27 23:30:50'),
	(882, 'Ngày bầu cử sắp tới của bạn tham dự là 29/11/2024 5:55:55 SA.', '2024-11-27 23:30:52'),
	(883, 'Ngày bầu cử sắp tới của bạn tham dự là 29/11/2024 4:14:47 SA.', '2024-11-27 23:30:52'),
	(884, 'Ngày bầu cử sắp tới của bạn tham dự là 29/11/2024 4:14:47 SA.', '2024-11-27 23:30:52'),
	(885, 'Ngày bầu cử sắp tới của bạn tham dự là 29/11/2024 4:14:47 SA.', '2024-11-27 23:30:52'),
	(886, 'Ngày bầu cử sắp tới của bạn là 29/11/2024 4:14:47 SA.', '2024-11-27 23:30:53'),
	(887, 'Ngày bầu cử sắp tới của bạn là 29/11/2024 4:14:47 SA.', '2024-11-27 23:30:54'),
	(888, 'Ngày bầu cử sắp tới của bạn là 29/11/2024 4:14:47 SA.', '2024-11-27 23:30:54'),
	(889, 'Ngày bầu cử sắp tới của bạn là 29/11/2024 4:14:47 SA.', '2024-11-27 23:30:55'),
	(890, 'Ngày bầu cử sắp tới của bạn là 29/11/2024 4:14:47 SA.', '2024-11-27 23:30:55'),
	(891, 'Ngày bầu cử sắp tới của bạn là 29/11/2024 4:14:47 SA.', '2024-11-27 23:30:55'),
	(892, 'Ngày bầu cử sắp tới của bạn là 29/11/2024 5:55:55 SA.', '2024-11-27 23:30:55'),
	(893, 'Ngày bầu cử sắp tới của bạn là 29/11/2024 5:55:55 SA.', '2024-11-27 23:30:55'),
	(894, 'Ngày bầu cử sắp tới của bạn là 29/11/2024 4:14:47 SA.', '2024-11-27 23:30:56'),
	(895, 'Ngày bầu cử sắp tới của bạn là 29/11/2024 4:14:47 SA.', '2024-11-27 23:30:56'),
	(896, 'Ngày bầu cử sắp tới của bạn là 29/11/2024 4:14:47 SA.', '2024-11-27 23:30:57'),
	(897, 'Ngày bầu cử sắp tới của bạn là 29/11/2024 4:14:47 SA.', '2024-11-27 23:30:57'),
	(898, 'Ngày bầu cử sắp tới của bạn là 29/11/2024 4:14:47 SA.', '2024-11-27 23:30:57'),
	(899, 'Ngày bầu cử sắp tới của bạn là 29/11/2024 5:55:55 SA.', '2024-11-27 23:30:57'),
	(900, 'Ngày bầu cử sắp tới của bạn là 29/11/2024 5:55:55 SA.', '2024-11-27 23:30:57'),
	(901, 'Ngày bầu cử sắp tới của bạn là 29/11/2024 5:55:55 SA.', '2024-11-27 23:30:57'),
	(902, 'Ngày bầu cử sắp tới của bạn là 29/11/2024 5:55:55 SA.', '2024-11-27 23:30:57'),
	(903, 'Ngày bầu cử sắp tới của bạn là 29/11/2024 5:55:55 SA.', '2024-11-27 23:30:57'),
	(904, 'Ngày bầu cử sắp tới của bạn tham dự là 29/11/2024 4:14:47 SA.', '2024-11-27 23:51:25'),
	(905, 'Ngày bầu cử sắp tới của bạn tham dự là 29/11/2024 5:55:55 SA.', '2024-11-27 23:51:26'),
	(906, 'Ngày bầu cử sắp tới của bạn tham dự là 29/11/2024 4:14:47 SA.', '2024-11-27 23:51:26'),
	(907, 'Ngày bầu cử sắp tới của bạn tham dự là 29/11/2024 5:55:55 SA.', '2024-11-27 23:51:26'),
	(908, 'Ngày bầu cử sắp tới của bạn tham dự là 29/11/2024 4:14:47 SA.', '2024-11-27 23:51:26'),
	(909, 'Ngày bầu cử sắp tới của bạn tham dự là 29/11/2024 5:55:55 SA.', '2024-11-27 23:51:26'),
	(910, 'Ngày bầu cử sắp tới của bạn tham dự là 29/11/2024 4:14:47 SA.', '2024-11-27 23:51:26'),
	(911, 'Ngày bầu cử sắp tới của bạn tham dự là 29/11/2024 5:55:55 SA.', '2024-11-27 23:51:26'),
	(912, 'Ngày bầu cử sắp tới của bạn tham dự là 29/11/2024 4:14:47 SA.', '2024-11-27 23:51:26'),
	(913, 'Ngày bầu cử sắp tới của bạn tham dự là 29/11/2024 4:14:47 SA.', '2024-11-27 23:51:26'),
	(914, 'Ngày bầu cử sắp tới của bạn tham dự là 29/11/2024 5:55:55 SA.', '2024-11-27 23:51:26'),
	(915, 'Ngày bầu cử sắp tới của bạn tham dự là 29/11/2024 4:14:47 SA.', '2024-11-27 23:51:26'),
	(916, 'Ngày bầu cử sắp tới của bạn tham dự là 29/11/2024 5:55:55 SA.', '2024-11-27 23:51:26'),
	(917, 'Ngày bầu cử sắp tới của bạn tham dự là 29/11/2024 4:14:47 SA.', '2024-11-27 23:51:26'),
	(918, 'Ngày bầu cử sắp tới của bạn tham dự là 29/11/2024 4:14:47 SA.', '2024-11-27 23:51:26'),
	(919, 'Ngày bầu cử sắp tới của bạn tham dự là 29/11/2024 4:14:47 SA.', '2024-11-27 23:51:26'),
	(920, 'Ngày bầu cử sắp tới của bạn là 29/11/2024 4:14:47 SA.', '2024-11-27 23:51:27'),
	(921, 'Ngày bầu cử sắp tới của bạn là 29/11/2024 4:14:47 SA.', '2024-11-27 23:51:27'),
	(922, 'Ngày bầu cử sắp tới của bạn là 29/11/2024 4:14:47 SA.', '2024-11-27 23:51:27'),
	(923, 'Ngày bầu cử sắp tới của bạn là 29/11/2024 4:14:47 SA.', '2024-11-27 23:51:27'),
	(924, 'Ngày bầu cử sắp tới của bạn là 29/11/2024 4:14:47 SA.', '2024-11-27 23:51:27'),
	(925, 'Ngày bầu cử sắp tới của bạn là 29/11/2024 4:14:47 SA.', '2024-11-27 23:51:27'),
	(926, 'Ngày bầu cử sắp tới của bạn là 29/11/2024 5:55:55 SA.', '2024-11-27 23:51:28'),
	(927, 'Ngày bầu cử sắp tới của bạn là 29/11/2024 5:55:55 SA.', '2024-11-27 23:51:28'),
	(928, 'Ngày bầu cử sắp tới của bạn là 29/11/2024 4:14:47 SA.', '2024-11-27 23:51:28'),
	(929, 'Ngày bầu cử sắp tới của bạn là 29/11/2024 4:14:47 SA.', '2024-11-27 23:51:28'),
	(930, 'Ngày bầu cử sắp tới của bạn là 29/11/2024 4:14:47 SA.', '2024-11-27 23:51:28'),
	(931, 'Ngày bầu cử sắp tới của bạn là 29/11/2024 4:14:47 SA.', '2024-11-27 23:51:29'),
	(932, 'Ngày bầu cử sắp tới của bạn là 29/11/2024 4:14:47 SA.', '2024-11-27 23:51:29'),
	(933, 'Ngày bầu cử sắp tới của bạn là 29/11/2024 5:55:55 SA.', '2024-11-27 23:51:29'),
	(934, 'Ngày bầu cử sắp tới của bạn là 29/11/2024 5:55:55 SA.', '2024-11-27 23:51:29'),
	(935, 'Ngày bầu cử sắp tới của bạn là 29/11/2024 5:55:55 SA.', '2024-11-27 23:51:29'),
	(936, 'Ngày bầu cử sắp tới của bạn là 29/11/2024 5:55:55 SA.', '2024-11-27 23:51:29'),
	(937, 'Ngày bầu cử sắp tới của bạn là 29/11/2024 5:55:55 SA.', '2024-11-27 23:51:29'),
	(938, 'Ngày bầu cử sắp tới của bạn tham dự là 30/11/2024 6:56:56 SA.', '2024-11-28 12:46:09'),
	(939, 'Ngày bầu cử sắp tới của bạn tham dự là 30/11/2024 7:57:57 SA.', '2024-11-28 12:46:10'),
	(940, 'Ngày bầu cử sắp tới của bạn tham dự là 30/11/2024 9:59:59 SA.', '2024-11-28 12:46:10'),
	(941, 'Ngày bầu cử sắp tới của bạn tham dự là 30/11/2024 6:56:56 SA.', '2024-11-28 12:46:10'),
	(942, 'Ngày bầu cử sắp tới của bạn tham dự là 30/11/2024 7:57:57 SA.', '2024-11-28 12:46:10'),
	(943, 'Ngày bầu cử sắp tới của bạn tham dự là 30/11/2024 9:59:59 SA.', '2024-11-28 12:46:10'),
	(944, 'Ngày bầu cử sắp tới của bạn tham dự là 30/11/2024 6:56:56 SA.', '2024-11-28 12:46:10'),
	(945, 'Ngày bầu cử sắp tới của bạn tham dự là 30/11/2024 7:57:57 SA.', '2024-11-28 12:46:10'),
	(946, 'Ngày bầu cử sắp tới của bạn tham dự là 30/11/2024 9:59:59 SA.', '2024-11-28 12:46:11'),
	(947, 'Ngày bầu cử sắp tới của bạn tham dự là 30/11/2024 6:56:56 SA.', '2024-11-28 12:46:11'),
	(948, 'Ngày bầu cử sắp tới của bạn tham dự là 30/11/2024 7:57:57 SA.', '2024-11-28 12:46:11'),
	(949, 'Ngày bầu cử sắp tới của bạn tham dự là 30/11/2024 9:59:59 SA.', '2024-11-28 12:46:11'),
	(950, 'Ngày bầu cử sắp tới của bạn tham dự là 30/11/2024 6:56:56 SA.', '2024-11-28 12:46:11'),
	(951, 'Ngày bầu cử sắp tới của bạn tham dự là 30/11/2024 7:57:57 SA.', '2024-11-28 12:46:11'),
	(952, 'Ngày bầu cử sắp tới của bạn tham dự là 30/11/2024 9:59:59 SA.', '2024-11-28 12:46:11'),
	(953, 'Ngày bầu cử sắp tới của bạn tham dự là 30/11/2024 6:56:56 SA.', '2024-11-28 12:46:12'),
	(954, 'Ngày bầu cử sắp tới của bạn tham dự là 30/11/2024 7:57:57 SA.', '2024-11-28 12:46:12'),
	(955, 'Ngày bầu cử sắp tới của bạn tham dự là 30/11/2024 9:59:59 SA.', '2024-11-28 12:46:12'),
	(956, 'Ngày bầu cử sắp tới của bạn tham dự là 30/11/2024 6:56:56 SA.', '2024-11-28 12:46:12'),
	(957, 'Ngày bầu cử sắp tới của bạn tham dự là 30/11/2024 7:57:57 SA.', '2024-11-28 12:46:12'),
	(958, 'Ngày bầu cử sắp tới của bạn tham dự là 30/11/2024 9:59:59 SA.', '2024-11-28 12:46:12'),
	(959, 'Ngày bầu cử sắp tới của bạn tham dự là 30/11/2024 6:56:56 SA.', '2024-11-28 12:46:12'),
	(960, 'Ngày bầu cử sắp tới của bạn tham dự là 30/11/2024 7:57:57 SA.', '2024-11-28 12:46:12'),
	(961, 'Ngày bầu cử sắp tới của bạn tham dự là 30/11/2024 9:59:59 SA.', '2024-11-28 12:46:12'),
	(962, 'Ngày bầu cử sắp tới của bạn tham dự là 30/11/2024 6:56:56 SA.', '2024-11-28 12:46:12'),
	(963, 'Ngày bầu cử sắp tới của bạn tham dự là 30/11/2024 7:57:57 SA.', '2024-11-28 12:46:12'),
	(964, 'Ngày bầu cử sắp tới của bạn tham dự là 30/11/2024 9:59:59 SA.', '2024-11-28 12:46:12'),
	(965, 'Ngày bầu cử sắp tới của bạn tham dự là 30/11/2024 6:56:56 SA.', '2024-11-28 12:46:12'),
	(966, 'Ngày bầu cử sắp tới của bạn tham dự là 30/11/2024 7:57:57 SA.', '2024-11-28 12:46:12'),
	(967, 'Ngày bầu cử sắp tới của bạn tham dự là 30/11/2024 9:59:59 SA.', '2024-11-28 12:46:12'),
	(968, 'Ngày bầu cử sắp tới của bạn tham dự là 30/11/2024 6:56:56 SA.', '2024-11-28 12:46:13'),
	(969, 'Ngày bầu cử sắp tới của bạn tham dự là 30/11/2024 7:57:57 SA.', '2024-11-28 12:46:13'),
	(970, 'Ngày bầu cử sắp tới của bạn tham dự là 30/11/2024 9:59:59 SA.', '2024-11-28 12:46:13'),
	(971, 'Ngày bầu cử sắp tới của bạn là 30/11/2024 6:56:56 SA.', '2024-11-28 12:46:13'),
	(972, 'Ngày bầu cử sắp tới của bạn là 30/11/2024 6:56:56 SA.', '2024-11-28 12:46:13'),
	(973, 'Ngày bầu cử sắp tới của bạn là 30/11/2024 6:56:56 SA.', '2024-11-28 12:46:13'),
	(974, 'Ngày bầu cử sắp tới của bạn là 30/11/2024 6:56:56 SA.', '2024-11-28 12:46:13'),
	(975, 'Ngày bầu cử sắp tới của bạn là 30/11/2024 6:56:56 SA.', '2024-11-28 12:46:13'),
	(976, 'Ngày bầu cử sắp tới của bạn là 30/11/2024 6:56:56 SA.', '2024-11-28 12:46:13'),
	(977, 'Ngày bầu cử sắp tới của bạn là 30/11/2024 6:56:56 SA.', '2024-11-28 12:46:13'),
	(978, 'Ngày bầu cử sắp tới của bạn là 30/11/2024 9:59:59 SA.', '2024-11-28 12:46:13'),
	(979, 'Ngày bầu cử sắp tới của bạn là 30/11/2024 9:59:59 SA.', '2024-11-28 12:46:13'),
	(980, 'Ngày bầu cử sắp tới của bạn là 30/11/2024 9:59:59 SA.', '2024-11-28 12:46:14'),
	(981, 'Ngày bầu cử sắp tới của bạn là 30/11/2024 9:59:59 SA.', '2024-11-28 12:46:14'),
	(982, 'Ngày bầu cử sắp tới của bạn là 30/11/2024 9:59:59 SA.', '2024-11-28 12:46:14'),
	(983, 'Ngày bầu cử sắp tới của bạn là 30/11/2024 9:59:59 SA.', '2024-11-28 12:46:14'),
	(984, 'Ngày bầu cử sắp tới của bạn là 30/11/2024 9:59:59 SA.', '2024-11-28 12:46:14'),
	(985, 'Ngày bầu cử sắp tới của bạn là 30/11/2024 7:57:57 SA.', '2024-11-28 12:46:14'),
	(986, 'Ngày bầu cử sắp tới của bạn là 30/11/2024 9:59:59 SA.', '2024-11-28 12:46:14'),
	(987, 'Ngày bầu cử sắp tới của bạn là 30/11/2024 6:56:56 SA.', '2024-11-28 12:46:14'),
	(988, 'Ngày bầu cử sắp tới của bạn tham dự là 30/11/2024 6:56:56 SA.', '2024-11-28 14:08:44'),
	(989, 'Ngày bầu cử sắp tới của bạn tham dự là 30/11/2024 7:57:57 SA.', '2024-11-28 14:08:48'),
	(990, 'Ngày bầu cử sắp tới của bạn tham dự là 30/11/2024 9:59:59 SA.', '2024-11-28 14:08:48'),
	(991, 'Ngày bầu cử sắp tới của bạn tham dự là 30/11/2024 6:56:56 SA.', '2024-11-28 14:08:48'),
	(992, 'Ngày bầu cử sắp tới của bạn tham dự là 30/11/2024 7:57:57 SA.', '2024-11-28 14:08:49'),
	(993, 'Ngày bầu cử sắp tới của bạn tham dự là 30/11/2024 9:59:59 SA.', '2024-11-28 14:08:49'),
	(994, 'Ngày bầu cử sắp tới của bạn tham dự là 30/11/2024 6:56:56 SA.', '2024-11-28 14:08:49'),
	(995, 'Ngày bầu cử sắp tới của bạn tham dự là 30/11/2024 7:57:57 SA.', '2024-11-28 14:08:49'),
	(996, 'Ngày bầu cử sắp tới của bạn tham dự là 30/11/2024 9:59:59 SA.', '2024-11-28 14:08:49'),
	(997, 'Ngày bầu cử sắp tới của bạn tham dự là 30/11/2024 6:56:56 SA.', '2024-11-28 14:08:49'),
	(998, 'Ngày bầu cử sắp tới của bạn tham dự là 30/11/2024 7:57:57 SA.', '2024-11-28 14:08:49'),
	(999, 'Ngày bầu cử sắp tới của bạn tham dự là 30/11/2024 9:59:59 SA.', '2024-11-28 14:08:50'),
	(1000, 'Ngày bầu cử sắp tới của bạn tham dự là 30/11/2024 6:56:56 SA.', '2024-11-28 14:08:50'),
	(1001, 'Ngày bầu cử sắp tới của bạn tham dự là 30/11/2024 7:57:57 SA.', '2024-11-28 14:08:50'),
	(1002, 'Ngày bầu cử sắp tới của bạn tham dự là 30/11/2024 9:59:59 SA.', '2024-11-28 14:08:50'),
	(1003, 'Ngày bầu cử sắp tới của bạn tham dự là 30/11/2024 6:56:56 SA.', '2024-11-28 14:08:50'),
	(1004, 'Ngày bầu cử sắp tới của bạn tham dự là 30/11/2024 7:57:57 SA.', '2024-11-28 14:08:50'),
	(1005, 'Ngày bầu cử sắp tới của bạn tham dự là 30/11/2024 9:59:59 SA.', '2024-11-28 14:08:50'),
	(1006, 'Ngày bầu cử sắp tới của bạn tham dự là 30/11/2024 6:56:56 SA.', '2024-11-28 14:08:50'),
	(1007, 'Ngày bầu cử sắp tới của bạn tham dự là 30/11/2024 7:57:57 SA.', '2024-11-28 14:08:51'),
	(1008, 'Ngày bầu cử sắp tới của bạn tham dự là 30/11/2024 9:59:59 SA.', '2024-11-28 14:08:51'),
	(1009, 'Ngày bầu cử sắp tới của bạn tham dự là 30/11/2024 6:56:56 SA.', '2024-11-28 14:08:51'),
	(1010, 'Ngày bầu cử sắp tới của bạn tham dự là 30/11/2024 7:57:57 SA.', '2024-11-28 14:08:51'),
	(1011, 'Ngày bầu cử sắp tới của bạn tham dự là 30/11/2024 9:59:59 SA.', '2024-11-28 14:08:51'),
	(1012, 'Ngày bầu cử sắp tới của bạn tham dự là 30/11/2024 6:56:56 SA.', '2024-11-28 14:08:51'),
	(1013, 'Ngày bầu cử sắp tới của bạn tham dự là 30/11/2024 7:57:57 SA.', '2024-11-28 14:08:51'),
	(1014, 'Ngày bầu cử sắp tới của bạn tham dự là 30/11/2024 9:59:59 SA.', '2024-11-28 14:08:51'),
	(1015, 'Ngày bầu cử sắp tới của bạn tham dự là 30/11/2024 6:56:56 SA.', '2024-11-28 14:08:52'),
	(1016, 'Ngày bầu cử sắp tới của bạn tham dự là 30/11/2024 7:57:57 SA.', '2024-11-28 14:08:52'),
	(1017, 'Ngày bầu cử sắp tới của bạn tham dự là 30/11/2024 9:59:59 SA.', '2024-11-28 14:08:52'),
	(1018, 'Ngày bầu cử sắp tới của bạn tham dự là 30/11/2024 6:56:56 SA.', '2024-11-28 14:08:52'),
	(1019, 'Ngày bầu cử sắp tới của bạn tham dự là 30/11/2024 7:57:57 SA.', '2024-11-28 14:08:52'),
	(1020, 'Ngày bầu cử sắp tới của bạn tham dự là 30/11/2024 9:59:59 SA.', '2024-11-28 14:08:52'),
	(1021, 'Ngày bầu cử sắp tới của bạn là 30/11/2024 6:56:56 SA.', '2024-11-28 14:08:53'),
	(1022, 'Ngày bầu cử sắp tới của bạn là 30/11/2024 6:56:56 SA.', '2024-11-28 14:08:53'),
	(1023, 'Ngày bầu cử sắp tới của bạn là 30/11/2024 6:56:56 SA.', '2024-11-28 14:08:54'),
	(1024, 'Ngày bầu cử sắp tới của bạn là 30/11/2024 6:56:56 SA.', '2024-11-28 14:08:54'),
	(1025, 'Ngày bầu cử sắp tới của bạn là 30/11/2024 6:56:56 SA.', '2024-11-28 14:08:54'),
	(1026, 'Ngày bầu cử sắp tới của bạn là 30/11/2024 6:56:56 SA.', '2024-11-28 14:08:54'),
	(1027, 'Ngày bầu cử sắp tới của bạn là 30/11/2024 6:56:56 SA.', '2024-11-28 14:08:54'),
	(1028, 'Ngày bầu cử sắp tới của bạn là 30/11/2024 9:59:59 SA.', '2024-11-28 14:08:54'),
	(1029, 'Ngày bầu cử sắp tới của bạn là 30/11/2024 9:59:59 SA.', '2024-11-28 14:08:54'),
	(1030, 'Ngày bầu cử sắp tới của bạn là 30/11/2024 9:59:59 SA.', '2024-11-28 14:08:55'),
	(1031, 'Ngày bầu cử sắp tới của bạn là 30/11/2024 9:59:59 SA.', '2024-11-28 14:08:55'),
	(1032, 'Ngày bầu cử sắp tới của bạn là 30/11/2024 9:59:59 SA.', '2024-11-28 14:08:55'),
	(1033, 'Ngày bầu cử sắp tới của bạn là 30/11/2024 9:59:59 SA.', '2024-11-28 14:08:55'),
	(1034, 'Ngày bầu cử sắp tới của bạn là 30/11/2024 9:59:59 SA.', '2024-11-28 14:08:55'),
	(1035, 'Ngày bầu cử sắp tới của bạn là 30/11/2024 7:57:57 SA.', '2024-11-28 14:08:56'),
	(1036, 'Ngày bầu cử sắp tới của bạn là 30/11/2024 9:59:59 SA.', '2024-11-28 14:08:56'),
	(1037, 'Ngày bầu cử sắp tới của bạn là 30/11/2024 6:56:56 SA.', '2024-11-28 14:08:56'),
	(1038, 'Ngày bầu cử sắp tới của bạn tham dự là 30/11/2024 6:56:56 SA.', '2024-11-28 14:33:07'),
	(1039, 'Ngày bầu cử sắp tới của bạn tham dự là 30/11/2024 7:57:57 SA.', '2024-11-28 14:33:07'),
	(1040, 'Ngày bầu cử sắp tới của bạn tham dự là 30/11/2024 9:59:59 SA.', '2024-11-28 14:33:07'),
	(1041, 'Ngày bầu cử sắp tới của bạn tham dự là 30/11/2024 6:56:56 SA.', '2024-11-28 14:33:08'),
	(1042, 'Ngày bầu cử sắp tới của bạn tham dự là 30/11/2024 7:57:57 SA.', '2024-11-28 14:33:08'),
	(1043, 'Ngày bầu cử sắp tới của bạn tham dự là 30/11/2024 9:59:59 SA.', '2024-11-28 14:33:08'),
	(1044, 'Ngày bầu cử sắp tới của bạn tham dự là 30/11/2024 6:56:56 SA.', '2024-11-28 14:33:08'),
	(1045, 'Ngày bầu cử sắp tới của bạn tham dự là 30/11/2024 7:57:57 SA.', '2024-11-28 14:33:08'),
	(1046, 'Ngày bầu cử sắp tới của bạn tham dự là 30/11/2024 9:59:59 SA.', '2024-11-28 14:33:08'),
	(1047, 'Ngày bầu cử sắp tới của bạn tham dự là 30/11/2024 6:56:56 SA.', '2024-11-28 14:33:08'),
	(1048, 'Ngày bầu cử sắp tới của bạn tham dự là 30/11/2024 7:57:57 SA.', '2024-11-28 14:33:08'),
	(1049, 'Ngày bầu cử sắp tới của bạn tham dự là 30/11/2024 9:59:59 SA.', '2024-11-28 14:33:08'),
	(1050, 'Ngày bầu cử sắp tới của bạn tham dự là 30/11/2024 6:56:56 SA.', '2024-11-28 14:33:08'),
	(1051, 'Ngày bầu cử sắp tới của bạn tham dự là 30/11/2024 7:57:57 SA.', '2024-11-28 14:33:08'),
	(1052, 'Ngày bầu cử sắp tới của bạn tham dự là 30/11/2024 9:59:59 SA.', '2024-11-28 14:33:08'),
	(1053, 'Ngày bầu cử sắp tới của bạn tham dự là 30/11/2024 6:56:56 SA.', '2024-11-28 14:33:08'),
	(1054, 'Ngày bầu cử sắp tới của bạn tham dự là 30/11/2024 7:57:57 SA.', '2024-11-28 14:33:08'),
	(1055, 'Ngày bầu cử sắp tới của bạn tham dự là 30/11/2024 9:59:59 SA.', '2024-11-28 14:33:08'),
	(1056, 'Ngày bầu cử sắp tới của bạn tham dự là 30/11/2024 6:56:56 SA.', '2024-11-28 14:33:08'),
	(1057, 'Ngày bầu cử sắp tới của bạn tham dự là 30/11/2024 7:57:57 SA.', '2024-11-28 14:33:08'),
	(1058, 'Ngày bầu cử sắp tới của bạn tham dự là 30/11/2024 9:59:59 SA.', '2024-11-28 14:33:08'),
	(1059, 'Ngày bầu cử sắp tới của bạn tham dự là 30/11/2024 6:56:56 SA.', '2024-11-28 14:33:09'),
	(1060, 'Ngày bầu cử sắp tới của bạn tham dự là 30/11/2024 7:57:57 SA.', '2024-11-28 14:33:09'),
	(1061, 'Ngày bầu cử sắp tới của bạn tham dự là 30/11/2024 9:59:59 SA.', '2024-11-28 14:33:09'),
	(1062, 'Ngày bầu cử sắp tới của bạn tham dự là 30/11/2024 6:56:56 SA.', '2024-11-28 14:33:09'),
	(1063, 'Ngày bầu cử sắp tới của bạn tham dự là 30/11/2024 7:57:57 SA.', '2024-11-28 14:33:09'),
	(1064, 'Ngày bầu cử sắp tới của bạn tham dự là 30/11/2024 9:59:59 SA.', '2024-11-28 14:33:09'),
	(1065, 'Ngày bầu cử sắp tới của bạn tham dự là 30/11/2024 6:56:56 SA.', '2024-11-28 14:33:09'),
	(1066, 'Ngày bầu cử sắp tới của bạn tham dự là 30/11/2024 7:57:57 SA.', '2024-11-28 14:33:09'),
	(1067, 'Ngày bầu cử sắp tới của bạn tham dự là 30/11/2024 9:59:59 SA.', '2024-11-28 14:33:09'),
	(1068, 'Ngày bầu cử sắp tới của bạn tham dự là 30/11/2024 6:56:56 SA.', '2024-11-28 14:33:09'),
	(1069, 'Ngày bầu cử sắp tới của bạn tham dự là 30/11/2024 7:57:57 SA.', '2024-11-28 14:33:09'),
	(1070, 'Ngày bầu cử sắp tới của bạn tham dự là 30/11/2024 9:59:59 SA.', '2024-11-28 14:33:09'),
	(1071, 'Ngày bầu cử sắp tới của bạn là 30/11/2024 6:56:56 SA.', '2024-11-28 14:33:09'),
	(1072, 'Ngày bầu cử sắp tới của bạn là 30/11/2024 6:56:56 SA.', '2024-11-28 14:33:09'),
	(1073, 'Ngày bầu cử sắp tới của bạn là 30/11/2024 6:56:56 SA.', '2024-11-28 14:33:09'),
	(1074, 'Ngày bầu cử sắp tới của bạn là 30/11/2024 6:56:56 SA.', '2024-11-28 14:33:09'),
	(1075, 'Ngày bầu cử sắp tới của bạn là 30/11/2024 6:56:56 SA.', '2024-11-28 14:33:09'),
	(1076, 'Ngày bầu cử sắp tới của bạn là 30/11/2024 6:56:56 SA.', '2024-11-28 14:33:09'),
	(1077, 'Ngày bầu cử sắp tới của bạn là 30/11/2024 6:56:56 SA.', '2024-11-28 14:33:09'),
	(1078, 'Ngày bầu cử sắp tới của bạn là 30/11/2024 9:59:59 SA.', '2024-11-28 14:33:09'),
	(1079, 'Ngày bầu cử sắp tới của bạn là 30/11/2024 9:59:59 SA.', '2024-11-28 14:33:09'),
	(1080, 'Ngày bầu cử sắp tới của bạn là 30/11/2024 9:59:59 SA.', '2024-11-28 14:33:09'),
	(1081, 'Ngày bầu cử sắp tới của bạn là 30/11/2024 9:59:59 SA.', '2024-11-28 14:33:10'),
	(1082, 'Ngày bầu cử sắp tới của bạn là 30/11/2024 9:59:59 SA.', '2024-11-28 14:33:10'),
	(1083, 'Ngày bầu cử sắp tới của bạn là 30/11/2024 9:59:59 SA.', '2024-11-28 14:33:10'),
	(1084, 'Ngày bầu cử sắp tới của bạn là 30/11/2024 9:59:59 SA.', '2024-11-28 14:33:10'),
	(1085, 'Ngày bầu cử sắp tới của bạn là 30/11/2024 7:57:57 SA.', '2024-11-28 14:33:10'),
	(1086, 'Ngày bầu cử sắp tới của bạn là 30/11/2024 9:59:59 SA.', '2024-11-28 14:33:10'),
	(1087, 'Ngày bầu cử sắp tới của bạn là 30/11/2024 6:56:56 SA.', '2024-11-28 14:33:10'),
	(1088, 'Ngày bầu cử sắp tới của bạn tham dự là 30/11/2024 9:59:59 SA.', '2024-11-29 09:07:25'),
	(1089, 'Ngày bầu cử sắp tới của bạn tham dự là 30/11/2024 9:59:59 SA.', '2024-11-29 09:07:25'),
	(1090, 'Ngày bầu cử sắp tới của bạn tham dự là 30/11/2024 9:59:59 SA.', '2024-11-29 09:07:26'),
	(1091, 'Ngày bầu cử sắp tới của bạn tham dự là 30/11/2024 9:59:59 SA.', '2024-11-29 09:07:26'),
	(1092, 'Ngày bầu cử sắp tới của bạn tham dự là 30/11/2024 9:59:59 SA.', '2024-11-29 09:07:26'),
	(1093, 'Ngày bầu cử sắp tới của bạn tham dự là 30/11/2024 9:59:59 SA.', '2024-11-29 09:07:26'),
	(1094, 'Ngày bầu cử sắp tới của bạn tham dự là 30/11/2024 9:59:59 SA.', '2024-11-29 09:07:26'),
	(1095, 'Ngày bầu cử sắp tới của bạn tham dự là 30/11/2024 9:59:59 SA.', '2024-11-29 09:07:26'),
	(1096, 'Ngày bầu cử sắp tới của bạn tham dự là 30/11/2024 9:59:59 SA.', '2024-11-29 09:07:26'),
	(1097, 'Ngày bầu cử sắp tới của bạn tham dự là 30/11/2024 9:59:59 SA.', '2024-11-29 09:07:26'),
	(1098, 'Ngày bầu cử sắp tới của bạn tham dự là 30/11/2024 9:59:59 SA.', '2024-11-29 09:07:26'),
	(1099, 'Ngày bầu cử sắp tới của bạn là 30/11/2024 9:59:59 SA.', '2024-11-29 09:07:26'),
	(1100, 'Ngày bầu cử sắp tới của bạn là 30/11/2024 9:59:59 SA.', '2024-11-29 09:07:26'),
	(1101, 'Ngày bầu cử sắp tới của bạn là 30/11/2024 9:59:59 SA.', '2024-11-29 09:07:26'),
	(1102, 'Ngày bầu cử sắp tới của bạn là 30/11/2024 9:59:59 SA.', '2024-11-29 09:07:26'),
	(1103, 'Ngày bầu cử sắp tới của bạn là 30/11/2024 9:59:59 SA.', '2024-11-29 09:07:26'),
	(1104, 'Ngày bầu cử sắp tới của bạn là 30/11/2024 9:59:59 SA.', '2024-11-29 09:07:26'),
	(1105, 'Ngày bầu cử sắp tới của bạn là 30/11/2024 9:59:59 SA.', '2024-11-29 09:07:26'),
	(1106, 'Ngày bầu cử sắp tới của bạn là 30/11/2024 9:59:59 SA.', '2024-11-29 09:07:26'),
	(1108, 'Thông báo kết quả bầu cử tại kỳ: 2024-11-30 06:56:56', '2024-11-29 10:23:26'),
	(1109, 'Thông báo kết quả bầu cử tại kỳ: 2024-11-30 09:59:59', '2024-11-29 10:23:38'),
	(1110, 'Thông báo kết quả bầu cử tại kỳ: 2024-12-06 11:27:38', '2024-12-05 19:41:11');

-- Dumping structure for table baucutructuyen.tinhthanh
CREATE TABLE IF NOT EXISTS `tinhthanh` (
  `STT` tinyint NOT NULL,
  `TenTinhThanh` varchar(50) CHARACTER SET utf8mb4 COLLATE utf8mb4_general_ci NOT NULL,
  PRIMARY KEY (`STT`)
) ENGINE=InnoDB DEFAULT CHARSET=utf8mb4 COLLATE=utf8mb4_general_ci;

-- Dumping data for table baucutructuyen.tinhthanh: ~80 rows (approximately)
INSERT INTO `tinhthanh` (`STT`, `TenTinhThanh`) VALUES
	(11, 'Cao Bằng'),
	(12, 'Lạng Sơn'),
	(14, 'Quảng Ninh'),
	(15, 'Hải Phòng'),
	(16, 'Hải Phòng'),
	(17, 'Thái Bình'),
	(18, 'Nam Định'),
	(19, 'Phú Thọ'),
	(20, 'Thái Nguyên'),
	(21, 'Yên Bái'),
	(22, 'Tuyên Quang'),
	(23, 'Hà Giang'),
	(24, 'Lào Cai'),
	(25, 'Lai Châu'),
	(26, 'Sơn La'),
	(27, 'Điện Biên'),
	(28, 'Hòa Bình'),
	(29, 'Hà Nội'),
	(30, 'Hà Nội'),
	(31, 'Hà Nội'),
	(32, 'Hà Nội'),
	(33, 'Hà Nội'),
	(34, 'Hải Dương'),
	(35, 'Ninh Bình'),
	(36, 'Thanh Hóa'),
	(37, 'Nghệ An'),
	(38, 'Hà Tĩnh'),
	(39, 'Đồng Nai'),
	(40, 'Hà Nội'),
	(41, 'TP.Hồ Chí Minh'),
	(43, 'Đà Nẵng'),
	(47, 'Đắk Lắk'),
	(48, 'Đắk Nông'),
	(49, 'Lâm Đồng'),
	(50, 'TP.Hồ Chí Minh'),
	(51, 'TP.Hồ Chí Minh'),
	(52, 'TP.Hồ Chí Minh'),
	(53, 'TP.Hồ Chí Minh'),
	(54, 'TP.Hồ Chí Minh'),
	(55, 'TP.Hồ Chí Minh'),
	(56, 'TP.Hồ Chí Minh'),
	(57, 'TP.Hồ Chí Minh'),
	(58, 'TP.Hồ Chí Minh'),
	(59, 'TP.Hồ Chí Minh'),
	(60, 'Đồng Nai'),
	(61, 'Bình Dương'),
	(62, 'Long An'),
	(63, 'Tiền Giang'),
	(64, 'Vĩnh Long'),
	(65, 'Cần Thơ'),
	(66, 'Đồng Tháp'),
	(67, 'An Giang'),
	(68, 'Kiên Giang'),
	(69, 'Cà Mau'),
	(70, 'Tây Ninh'),
	(71, 'Bến Tre'),
	(72, 'Bà Rịa - Vũng Tàu'),
	(73, 'Quảng Bình'),
	(74, 'Quảng Trị'),
	(75, 'Thừa Thiên Huế'),
	(76, 'Quảng Ngãi'),
	(77, 'Bình Định'),
	(78, 'Phú Yên'),
	(79, 'Khánh Hòa'),
	(81, 'Gia Lai'),
	(82, 'Kon Tum'),
	(83, 'Sóc Trăng'),
	(84, 'Trà Vinh'),
	(85, 'Ninh Thuận'),
	(86, 'Bình Thuận'),
	(88, 'Vĩnh Phúc'),
	(89, 'Hưng Yên'),
	(90, 'Hà Nam'),
	(92, 'Quảng Nam'),
	(93, 'Bình Phước'),
	(94, 'Bạc Liêu'),
	(95, 'Hậu Giang'),
	(97, 'Bắc Cạn'),
	(98, 'Bắc Giang'),
	(99, 'Bắc Ninh');

-- Dumping structure for table baucutructuyen.trangthaibaucu
CREATE TABLE IF NOT EXISTS `trangthaibaucu` (
  `GhiNhan` varchar(1) CHARACTER SET utf8mb4 COLLATE utf8mb4_general_ci DEFAULT '0',
  `ID_CuTri` varchar(14) CHARACTER SET utf8mb4 COLLATE utf8mb4_general_ci DEFAULT NULL,
  `ID_DonViBauCu` smallint DEFAULT NULL,
  `ngayBD` datetime DEFAULT NULL,
  `ID_ucv` varchar(14) CHARACTER SET utf8mb4 COLLATE utf8mb4_general_ci DEFAULT NULL,
  `ID_CanBo` varchar(14) CHARACTER SET utf8mb4 COLLATE utf8mb4_general_ci DEFAULT NULL,
  KEY `ID_DonViBauCu` (`ID_DonViBauCu`),
  KEY `index_TrangThaiBauCu_ngayBD` (`ngayBD`),
  KEY `index_TrangThaiBauCu_ID_CuTri` (`ID_CuTri`),
  KEY `idx_ttbaucu_CuTri_ngayBD` (`ID_CuTri`,`ngayBD`),
  KEY `idx_trangthaibaucu_ngayBD` (`ngayBD`),
  KEY `fk_trangThaiBauCu_ID_ucv` (`ID_ucv`),
  KEY `fk_trangThaiBauCu_ID_CanBo` (`ID_CanBo`),
  CONSTRAINT `fk_trangThaiBauCu_ID_CanBo` FOREIGN KEY (`ID_CanBo`) REFERENCES `canbo` (`ID_CanBo`) ON DELETE CASCADE,
  CONSTRAINT `fk_trangThaiBauCu_ID_CuTri` FOREIGN KEY (`ID_CuTri`) REFERENCES `cutri` (`ID_CuTri`) ON DELETE CASCADE,
  CONSTRAINT `fk_trangThaiBauCu_ID_DonViBauCu` FOREIGN KEY (`ID_DonViBauCu`) REFERENCES `donvibaucu` (`ID_DonViBauCu`) ON DELETE CASCADE,
  CONSTRAINT `fk_trangThaiBauCu_ID_ucv` FOREIGN KEY (`ID_ucv`) REFERENCES `ungcuvien` (`ID_ucv`) ON DELETE CASCADE,
  CONSTRAINT `fk_trangThaiBauCu_ngayBD` FOREIGN KEY (`ngayBD`) REFERENCES `kybaucu` (`ngayBD`) ON DELETE CASCADE,
  CONSTRAINT `trangthaibaucu_ibfk_3` FOREIGN KEY (`ngayBD`) REFERENCES `kybaucu` (`ngayBD`)
) ENGINE=InnoDB DEFAULT CHARSET=utf8mb4 COLLATE=utf8mb4_general_ci;

-- Dumping data for table baucutructuyen.trangthaibaucu: ~156 rows (approximately)
INSERT INTO `trangthaibaucu` (`GhiNhan`, `ID_CuTri`, `ID_DonViBauCu`, `ngayBD`, `ID_ucv`, `ID_CanBo`) VALUES
	('0', NULL, 3, '2024-11-30 06:56:56', '20241003000921', NULL),
	('1', NULL, 3, '2024-11-30 06:56:56', '20241012212410', NULL),
	('0', NULL, 3, '2024-11-30 06:56:56', '20241003002121', NULL),
	('0', NULL, 3, '2024-11-30 06:56:56', '20241003002930', NULL),
	('0', NULL, 3, '2024-11-30 06:56:56', '20241003003050', NULL),
	('0', NULL, 3, '2024-11-30 06:56:56', '20241003003142', NULL),
	('0', NULL, 3, '2024-11-30 06:56:56', '20241017143409', NULL),
	('0', NULL, 3, '2024-11-30 09:59:59', '20241017143409', NULL),
	('0', NULL, 3, '2024-11-30 09:59:59', '20241012212410', NULL),
	('0', NULL, 3, '2024-11-30 09:59:59', '20241003002121', NULL),
	('0', NULL, 3, '2024-11-30 09:59:59', '20241003002930', NULL),
	('0', NULL, 3, '2024-11-30 09:59:59', '20241003003050', NULL),
	('0', NULL, 3, '2024-11-30 09:59:59', '20241003003142', NULL),
	('0', NULL, 3, '2024-11-30 09:59:59', '20241114150058', NULL),
	('1', '20240930165456', 3, '2024-11-30 09:59:59', NULL, NULL),
	('0', '20241109142305', 3, '2024-11-30 09:59:59', NULL, NULL),
	('1', '20240919194845', 3, '2024-11-30 09:59:59', NULL, NULL),
	('0', '20240919200022', 3, '2024-11-30 09:59:59', NULL, NULL),
	('0', '20241109134558', 3, '2024-11-30 09:59:59', NULL, NULL),
	('0', '20240916221039', 3, '2024-11-30 09:59:59', NULL, NULL),
	('0', '20241109234117', 3, '2024-11-30 09:59:59', NULL, NULL),
	('0', '20241109221936', 3, '2024-11-30 09:59:59', NULL, NULL),
	('1', '20240916220819', 3, '2024-11-30 09:59:59', NULL, NULL),
	('1', '20240930165802', 3, '2024-11-30 09:59:59', NULL, NULL),
	('0', '20240916232132', 3, '2024-11-30 09:59:59', NULL, NULL),
	('0', '20240930165456', 3, '2024-11-30 07:57:57', NULL, NULL),
	('0', '20241109142305', 3, '2024-11-30 07:57:57', NULL, NULL),
	('0', '20240919194845', 3, '2024-11-30 07:57:57', NULL, NULL),
	('0', '20240919200022', 3, '2024-11-30 07:57:57', NULL, NULL),
	('0', '20241109134558', 3, '2024-11-30 07:57:57', NULL, NULL),
	('0', '20240916221039', 3, '2024-11-30 07:57:57', NULL, NULL),
	('0', '20241109234117', 3, '2024-11-30 07:57:57', NULL, NULL),
	('0', '20241109221936', 3, '2024-11-30 07:57:57', NULL, NULL),
	('0', '20240916220819', 3, '2024-11-30 07:57:57', NULL, NULL),
	('0', '20240930165802', 3, '2024-11-30 07:57:57', NULL, NULL),
	('0', '20240916232132', 3, '2024-11-30 07:57:57', NULL, NULL),
	('1', '20240930165456', 3, '2024-11-30 06:56:56', NULL, NULL),
	('0', '20241109142305', 3, '2024-11-30 06:56:56', NULL, NULL),
	('1', '20240919194845', 3, '2024-11-30 06:56:56', NULL, NULL),
	('0', '20240919200022', 3, '2024-11-30 06:56:56', NULL, NULL),
	('0', '20241109134558', 3, '2024-11-30 06:56:56', NULL, NULL),
	('0', '20240916221039', 3, '2024-11-30 06:56:56', NULL, NULL),
	('0', '20241109234117', 3, '2024-11-30 06:56:56', NULL, NULL),
	('0', '20241109221936', 3, '2024-11-30 06:56:56', NULL, NULL),
	('1', '20240916220819', 3, '2024-11-30 06:56:56', NULL, NULL),
	('1', '20240930165802', 3, '2024-11-30 06:56:56', NULL, NULL),
	('0', '20240916232132', 3, '2024-11-30 06:56:56', NULL, NULL),
	('0', NULL, 3, '2024-11-30 07:57:57', NULL, '20241025151435'),
	('1', NULL, 3, '2024-11-30 09:59:59', NULL, '20241025151435'),
	('1', NULL, 3, '2024-11-30 06:56:56', NULL, '20241025151435'),
	('1', '20240930165456', 3, '2024-12-01 10:01:01', NULL, NULL),
	('0', '20241109142305', 3, '2024-12-01 10:01:01', NULL, NULL),
	('0', '20240919194845', 3, '2024-12-01 10:01:01', NULL, NULL),
	('0', '20240919200022', 3, '2024-12-01 10:01:01', NULL, NULL),
	('0', '20241109134558', 3, '2024-12-01 10:01:01', NULL, NULL),
	('0', '20240916221039', 3, '2024-12-01 10:01:01', NULL, NULL),
	('0', '20241109234117', 3, '2024-12-01 10:01:01', NULL, NULL),
	('0', '20241109221936', 3, '2024-12-01 10:01:01', NULL, NULL),
	('0', '20240916220819', 3, '2024-12-01 10:01:01', NULL, NULL),
	('0', '20240930165802', 3, '2024-12-01 10:01:01', NULL, NULL),
	('0', '20240916232132', 3, '2024-12-01 10:01:01', NULL, NULL),
	('0', NULL, 3, '2024-12-01 10:01:01', '20241017143409', NULL),
	('0', NULL, 3, '2024-12-01 10:01:01', '20241012212410', NULL),
	('0', NULL, 3, '2024-12-01 10:01:01', '20241003002121', NULL),
	('0', NULL, 3, '2024-12-01 10:01:01', '20241003002930', NULL),
	('0', NULL, 3, '2024-12-01 10:01:01', '20241003003050', NULL),
	('0', NULL, 3, '2024-12-01 10:01:01', '20241003003142', NULL),
	('0', '20241204203924', 3, '2024-12-05 00:53:22', NULL, NULL),
	('0', '20241204204208', 3, '2024-12-05 00:53:22', NULL, NULL),
	('0', '20241204204713', 3, '2024-12-05 00:53:22', NULL, NULL),
	('0', '20241204204827', 3, '2024-12-05 00:53:22', NULL, NULL),
	('0', '20241109134558', 3, '2024-12-05 00:53:22', NULL, NULL),
	('0', '20241204203758', 3, '2024-12-05 00:53:22', NULL, NULL),
	('0', '20241204204607', 3, '2024-12-05 00:53:22', NULL, NULL),
	('0', '20241204200438', 3, '2024-12-05 00:53:22', NULL, NULL),
	('0', '20241204201238', 3, '2024-12-05 00:53:22', NULL, NULL),
	('0', '20240919200022', 3, '2024-12-05 00:53:22', NULL, NULL),
	('0', '20241204201615', 3, '2024-12-05 00:53:22', NULL, NULL),
	('0', '20240919194845', 3, '2024-12-05 00:53:22', NULL, NULL),
	('0', '20241109142305', 3, '2024-12-05 00:53:22', NULL, NULL),
	('0', '20241204203455', 3, '2024-12-05 00:53:22', NULL, NULL),
	('0', '20240930165456', 3, '2024-12-05 00:53:22', NULL, NULL),
	('0', '20241204204251', 3, '2024-12-05 00:53:22', NULL, NULL),
	('0', '20241204201529', 3, '2024-12-05 00:53:22', NULL, NULL),
	('0', '20241204204902', 3, '2024-12-05 00:53:22', NULL, NULL),
	('0', '20240916232132', 3, '2024-12-05 00:53:22', NULL, NULL),
	('0', '20241204201439', 3, '2024-12-05 00:53:22', NULL, NULL),
	('0', '20241204205144', 3, '2024-12-05 00:53:22', NULL, NULL),
	('0', '20241204201148', 3, '2024-12-05 00:53:22', NULL, NULL),
	('0', '20240916220819', 3, '2024-12-05 00:53:22', NULL, NULL),
	('0', '20240930165802', 3, '2024-12-05 00:53:22', NULL, NULL),
	('0', '20241204203414', 3, '2024-12-05 00:53:22', NULL, NULL),
	('0', '20241204200653', 3, '2024-12-05 00:53:22', NULL, NULL),
	('0', '20241204203720', 3, '2024-12-05 00:53:22', NULL, NULL),
	('1', '20241204203924', 9, '2024-12-06 11:27:38', NULL, NULL),
	('1', '20241204204208', 9, '2024-12-06 11:27:38', NULL, NULL),
	('1', '20241204201238', 9, '2024-12-06 11:27:38', NULL, NULL),
	('1', '20241204204713', 9, '2024-12-06 11:27:38', NULL, NULL),
	('1', '20241204204827', 9, '2024-12-06 11:27:38', NULL, NULL),
	('1', '20241109134558', 9, '2024-12-06 11:27:38', NULL, NULL),
	('1', '20241204203758', 9, '2024-12-06 11:27:38', NULL, NULL),
	('1', '20241204204607', 9, '2024-12-06 11:27:38', NULL, NULL),
	('1', '20241204200438', 9, '2024-12-06 11:27:38', NULL, NULL),
	('1', '20240919200022', 9, '2024-12-06 11:27:38', NULL, NULL),
	('1', '20241204201615', 9, '2024-12-06 11:27:38', NULL, NULL),
	('1', '20240919194845', 9, '2024-12-06 11:27:38', NULL, NULL),
	('0', NULL, 9, '2024-12-06 11:27:38', '20241114150058', NULL),
	('1', NULL, 9, '2024-12-06 11:27:38', '20241012212410', NULL),
	('0', NULL, 9, '2024-12-06 11:27:38', '20241003002121', NULL),
	('0', NULL, 9, '2024-12-06 11:27:38', '20241003003142', NULL),
	('0', NULL, 9, '2024-12-06 11:27:38', '20241003000921', NULL),
	('0', NULL, 9, '2024-12-06 11:27:38', '20241017143409', NULL),
	('0', NULL, 9, '2024-12-06 11:27:38', '20241003002930', NULL),
	('0', NULL, 9, '2024-12-06 11:27:38', '20241017143132', NULL),
	('1', NULL, 9, '2024-12-06 11:27:38', NULL, '20241025151435'),
	('0', '20241109142305', 9, '2024-12-06 11:27:38', NULL, NULL),
	('1', '20241204203455', 9, '2024-12-06 11:27:38', NULL, NULL),
	('1', '20240930165456', 9, '2024-12-06 11:27:38', NULL, NULL),
	('1', '20241204204251', 9, '2024-12-06 11:27:38', NULL, NULL),
	('1', '20241204201529', 9, '2024-12-06 11:27:38', NULL, NULL),
	('1', '20241204204540', 9, '2024-12-06 11:27:38', NULL, NULL),
	('1', '20241204204637', 9, '2024-12-06 11:27:38', NULL, NULL),
	('1', '20241204200333', 9, '2024-12-06 11:27:38', NULL, NULL),
	('1', '20241204204134', 9, '2024-12-06 11:27:38', NULL, NULL),
	('1', '20241204200528', 9, '2024-12-06 11:27:38', NULL, NULL),
	('1', '20241204204453', 9, '2024-12-06 11:27:38', NULL, NULL),
	('1', '20241204204748', 9, '2024-12-06 11:27:38', NULL, NULL),
	('1', '20241204204933', 9, '2024-12-06 11:27:38', NULL, NULL),
	('1', '20241204204058', 9, '2024-12-06 11:27:38', NULL, NULL),
	('1', '20241204200913', 9, '2024-12-06 11:27:38', NULL, NULL),
	('1', '20241204200607', 9, '2024-12-06 11:27:38', NULL, NULL),
	('1', '20241204200742', 9, '2024-12-06 11:27:38', NULL, NULL),
	('1', '20241204203840', 9, '2024-12-06 11:27:38', NULL, NULL),
	('1', '20241204204415', 9, '2024-12-06 11:27:38', NULL, NULL),
	('1', '20241204201341', 9, '2024-12-06 11:27:38', NULL, NULL),
	('1', '20241204205059', 9, '2024-12-06 11:27:38', NULL, NULL),
	('1', '20241204201439', 9, '2024-12-06 11:27:38', NULL, NULL),
	('1', '20240916232132', 9, '2024-12-06 11:27:38', NULL, NULL),
	('1', '20241204204902', 9, '2024-12-06 11:27:38', NULL, NULL),
	('1', '20241204203720', 9, '2024-12-06 11:27:38', NULL, NULL),
	('1', '20241204205144', 9, '2024-12-06 11:27:38', NULL, NULL),
	('1', '20241204200653', 9, '2024-12-06 11:27:38', NULL, NULL),
	('1', '20241204203414', 9, '2024-12-06 11:27:38', NULL, NULL),
	('1', '20240916220819', 9, '2024-12-06 11:27:38', NULL, NULL),
	('1', '20241204201148', 9, '2024-12-06 11:27:38', NULL, NULL),
	('0', '20240930165802', 9, '2024-12-06 11:27:38', NULL, NULL),
	('1', '20241204200836', 9, '2024-12-06 11:27:38', NULL, NULL),
	('1', '20241204205020', 9, '2024-12-06 11:27:38', NULL, NULL),
	('1', '20241204204330', 9, '2024-12-06 11:27:38', NULL, NULL),
	('1', '20241204200244', 9, '2024-12-06 11:27:38', NULL, NULL),
	('1', '20240916221039', 9, '2024-12-06 11:27:38', NULL, NULL),
	('1', '20241109234117', 9, '2024-12-06 11:27:38', NULL, NULL),
	('1', '20241204204016', 9, '2024-12-06 11:27:38', NULL, NULL),
	('1', '20241204205214', 9, '2024-12-06 11:27:38', NULL, NULL),
	('1', '20241109221936', 9, '2024-12-06 11:27:38', NULL, NULL),
	('1', '20241204203633', 9, '2024-12-06 11:27:38', NULL, NULL);

-- Dumping structure for table baucutructuyen.trinhdohocvan
CREATE TABLE IF NOT EXISTS `trinhdohocvan` (
  `ID_TrinhDo` smallint NOT NULL AUTO_INCREMENT,
  `TenTrinhDoHocVan` varchar(50) CHARACTER SET utf8mb4 COLLATE utf8mb4_general_ci DEFAULT NULL,
  PRIMARY KEY (`ID_TrinhDo`)
) ENGINE=InnoDB AUTO_INCREMENT=13 DEFAULT CHARSET=utf8mb4 COLLATE=utf8mb4_general_ci;

-- Dumping data for table baucutructuyen.trinhdohocvan: ~10 rows (approximately)
INSERT INTO `trinhdohocvan` (`ID_TrinhDo`, `TenTrinhDoHocVan`) VALUES
	(1, 'Tiểu học'),
	(2, ' Trung học cơ sở'),
	(3, ' Trung học phổ thông'),
	(4, 'Cao đẳng'),
	(5, 'Đại học'),
	(6, 'Tiến sĩ'),
	(7, 'Trung cấp chuyên nghiệp'),
	(8, 'Nghiên cứu sinh'),
	(11, 'Thạc sĩ'),
	(12, 'Khác');

-- Dumping structure for table baucutructuyen.ungcuvien
CREATE TABLE IF NOT EXISTS `ungcuvien` (
  `ID_ucv` varchar(14) CHARACTER SET utf8mb4 COLLATE utf8mb4_general_ci NOT NULL,
  `TrangThai` varchar(10) CHARACTER SET utf8mb4 COLLATE utf8mb4_general_ci DEFAULT 'active',
  `ID_user` varchar(16) CHARACTER SET utf8mb4 COLLATE utf8mb4_general_ci DEFAULT NULL,
  `GioiThieu` varchar(255) CHARACTER SET utf8mb4 COLLATE utf8mb4_general_ci DEFAULT NULL,
  PRIMARY KEY (`ID_ucv`),
  KEY `FK_userUngCuVien` (`ID_user`),
  KEY `idx_ucv_ID_user` (`ID_user`),
  CONSTRAINT `FK_userUngCuVien_ID_user` FOREIGN KEY (`ID_user`) REFERENCES `nguoidung` (`ID_user`) ON DELETE CASCADE
) ENGINE=InnoDB DEFAULT CHARSET=utf8mb4 COLLATE=utf8mb4_general_ci;

-- Dumping data for table baucutructuyen.ungcuvien: ~13 rows (approximately)
INSERT INTO `ungcuvien` (`ID_ucv`, `TrangThai`, `ID_user`, `GioiThieu`) VALUES
	('20241003000921', 'active', 'Ds20241003000915', 'KOKOKOKOKOKOK'),
	('20241003002121', 'active', '7H20241003002115', 'OKOKOKOK'),
	('20241003002930', 'active', 'Gu20241003002922', 'OKOKOKOK'),
	('20241003003050', 'active', 'RM20241003003046', 'OKOKOK'),
	('20241003003142', 'active', 'Do20241003003139', 'OKOK'),
	('20241012212410', 'active', '5520241012212400', 'rất ok.'),
	('20241012212527', 'active', 'uO20241012212509', 'rất ok.'),
	('20241017143132', 'active', 'ME20241017143125', 'rất ok.'),
	('20241017143237', 'active', 'ui20241017143233', 'rất ok.'),
	('20241017143328', 'active', 'sX20241017143325', 'rất ok.'),
	('20241017143409', 'active', 'Dz20241017143406', 'rất ok.'),
	('20241017143445', 'active', 'TC20241017143443', 'rất ok.'),
	('20241114150058', 'acctive', '2K20241114150052', 'OKOKOKOK');

-- Dumping structure for table baucutructuyen.vaitro
CREATE TABLE IF NOT EXISTS `vaitro` (
  `RoleID` tinyint NOT NULL AUTO_INCREMENT,
  `TenVaiTro` varchar(30) CHARACTER SET utf8mb4 COLLATE utf8mb4_general_ci DEFAULT NULL,
  PRIMARY KEY (`RoleID`)
) ENGINE=InnoDB AUTO_INCREMENT=12 DEFAULT CHARSET=utf8mb4 COLLATE=utf8mb4_general_ci;

-- Dumping data for table baucutructuyen.vaitro: ~7 rows (approximately)
INSERT INTO `vaitro` (`RoleID`, `TenVaiTro`) VALUES
	(1, 'Admin'),
	(2, 'Ứng cử viên'),
	(3, 'Ban Tổ chức'),
	(4, 'Ban kiểm phiếu'),
	(5, 'Cử tri'),
	(8, 'Cán bộ'),
	(11, 'Người kiểm thử');

/*!40103 SET TIME_ZONE=IFNULL(@OLD_TIME_ZONE, 'system') */;
/*!40101 SET SQL_MODE=IFNULL(@OLD_SQL_MODE, '') */;
/*!40014 SET FOREIGN_KEY_CHECKS=IFNULL(@OLD_FOREIGN_KEY_CHECKS, 1) */;
/*!40101 SET CHARACTER_SET_CLIENT=@OLD_CHARACTER_SET_CLIENT */;
/*!40111 SET SQL_NOTES=IFNULL(@OLD_SQL_NOTES, 1) */;
